[1,["8db2QgSb9IAY68IC0FUCoe@6c48a"],["_textureSource"],["cc.SpriteFrame"],0,[{"name":"4","rect":{"x":0,"y":0,"width":121,"height":147},"offset":{"x":0,"y":0},"originalSize":{"width":121,"height":147},"rotated":false,"capInsets":[0,0,0,0],"vertices":{"rawPosition":[-60.5,-73.5,0,60.5,-73.5,0,-60.5,73.5,0,60.5,73.5,0],"indexes":[0,1,2,2,1,3],"uv":[0,147,121,147,0,0,121,0],"nuv":[0,0,1,0,0,1,1,1],"minPos":{"x":-60.5,"y":-73.5,"z":0},"maxPos":{"x":60.5,"y":73.5,"z":0}},"packable":true,"pixelsToUnit":100,"pivot":{"x":0.5,"y":0.5},"meshType":0}],[0],0,[0],[0],[0]]
