[1,["8dkz2DBt9MI6aPE5XP57kW@6c48a"],["_textureSource"],["cc.SpriteFrame"],0,[{"name":"结算底框","rect":{"x":0,"y":0,"width":668,"height":534},"offset":{"x":0,"y":0},"originalSize":{"width":668,"height":534},"rotated":false,"capInsets":[0,0,0,0],"vertices":{"rawPosition":[-334,-267,0,334,-267,0,-334,267,0,334,267,0],"indexes":[0,1,2,2,1,3],"uv":[0,534,668,534,0,0,668,0],"nuv":[0,0,1,0,0,1,1,1],"minPos":{"x":-334,"y":-267,"z":0},"maxPos":{"x":334,"y":267,"z":0}},"packable":true,"pixelsToUnit":100,"pivot":{"x":0.5,"y":0.5},"meshType":0}],[0],0,[0],[0],[0]]
