[1,["99nGBGXbpB+omNNV7aj3Gi@6c48a"],["_textureSource"],["cc.SpriteFrame"],0,[{"name":"步数","rect":{"x":0,"y":0,"width":90,"height":37},"offset":{"x":0,"y":0},"originalSize":{"width":90,"height":37},"rotated":false,"capInsets":[0,0,0,0],"vertices":{"rawPosition":[-45,-18.5,0,45,-18.5,0,-45,18.5,0,45,18.5,0],"indexes":[0,1,2,2,1,3],"uv":[0,37,90,37,0,0,90,0],"nuv":[0,0,1,0,0,1,1,1],"minPos":{"x":-45,"y":-18.5,"z":0},"maxPos":{"x":45,"y":18.5,"z":0}},"packable":true,"pixelsToUnit":100,"pivot":{"x":0.5,"y":0.5},"meshType":0}],[0],0,[0],[0],[0]]
