[1,["acqhW8ifZGCJSwB1Hwal9m@6c48a"],["_textureSource"],["cc.SpriteFrame"],0,[{"name":"加载中","rect":{"x":0,"y":0,"width":498,"height":61},"offset":{"x":0,"y":0},"originalSize":{"width":498,"height":61},"rotated":false,"capInsets":[0,0,0,0],"vertices":{"rawPosition":[-249,-30.5,0,249,-30.5,0,-249,30.5,0,249,30.5,0],"indexes":[0,1,2,2,1,3],"uv":[0,61,498,61,0,0,498,0],"nuv":[0,0,1,0,0,1,1,1],"minPos":{"x":-249,"y":-30.5,"z":0},"maxPos":{"x":249,"y":30.5,"z":0}},"packable":true,"pixelsToUnit":100,"pivot":{"x":0.5,"y":0.5},"meshType":0}],[0],0,[0],[0],[0]]
