[1,["beZJbo2AhEkannd4l5L6Qw@6c48a"],["_textureSource"],["cc.SpriteFrame"],0,[{"name":"8","rect":{"x":0,"y":0,"width":113,"height":146},"offset":{"x":0,"y":0},"originalSize":{"width":113,"height":146},"rotated":false,"capInsets":[0,0,0,0],"vertices":{"rawPosition":[-56.5,-73,0,56.5,-73,0,-56.5,73,0,56.5,73,0],"indexes":[0,1,2,2,1,3],"uv":[0,146,113,146,0,0,113,0],"nuv":[0,0,1,0,0,1,1,1],"minPos":{"x":-56.5,"y":-73,"z":0},"maxPos":{"x":56.5,"y":73,"z":0}},"packable":true,"pixelsToUnit":100,"pivot":{"x":0.5,"y":0.5},"meshType":0}],[0],0,[0],[0],[0]]
