[1,["9egnMG/r5FlIWyQQ6lBPp/@6c48a"],["_textureSource"],["cc.SpriteFrame"],0,[{"name":"9","rect":{"x":0,"y":0,"width":110,"height":145},"offset":{"x":0,"y":0},"originalSize":{"width":110,"height":145},"rotated":false,"capInsets":[0,0,0,0],"vertices":{"rawPosition":[-55,-72.5,0,55,-72.5,0,-55,72.5,0,55,72.5,0],"indexes":[0,1,2,2,1,3],"uv":[0,145,110,145,0,0,110,0],"nuv":[0,0,1,0,0,1,1,1],"minPos":{"x":-55,"y":-72.5,"z":0},"maxPos":{"x":55,"y":72.5,"z":0}},"packable":true,"pixelsToUnit":100,"pivot":{"x":0.5,"y":0.5},"meshType":0}],[0],0,[0],[0],[0]]
