[1,["9e3PEu6p1NLZhX2sK0YOCG@6c48a"],["_textureSource"],["cc.SpriteFrame"],0,[{"name":"数字华容道","rect":{"x":0,"y":0,"width":219,"height":446},"offset":{"x":0,"y":0},"originalSize":{"width":219,"height":446},"rotated":false,"capInsets":[0,0,0,0],"vertices":{"rawPosition":[-109.5,-223,0,109.5,-223,0,-109.5,223,0,109.5,223,0],"indexes":[0,1,2,2,1,3],"uv":[0,446,219,446,0,0,219,0],"nuv":[0,0,1,0,0,1,1,1],"minPos":{"x":-109.5,"y":-223,"z":0},"maxPos":{"x":109.5,"y":223,"z":0}},"packable":true,"pixelsToUnit":100,"pivot":{"x":0.5,"y":0.5},"meshType":0}],[0],0,[0],[0],[0]]
