[1,["65xzFjnBlCPJNCpB+ks9ou@6c48a"],["_textureSource"],["cc.SpriteFrame"],0,[{"name":"2","rect":{"x":0,"y":0,"width":51,"height":28},"offset":{"x":0,"y":0},"originalSize":{"width":51,"height":28},"rotated":false,"capInsets":[0,0,0,0],"vertices":{"rawPosition":[-25.5,-14,0,25.5,-14,0,-25.5,14,0,25.5,14,0],"indexes":[0,1,2,2,1,3],"uv":[0,28,51,28,0,0,51,0],"nuv":[0,0,1,0,0,1,1,1],"minPos":{"x":-25.5,"y":-14,"z":0},"maxPos":{"x":25.5,"y":14,"z":0}},"packable":true,"pixelsToUnit":100,"pivot":{"x":0.5,"y":0.5},"meshType":0}],[0],0,[0],[0],[0]]
