[1,["23kcdlQstE9YXcoy2SnuiT@6c48a"],["_textureSource"],["cc.SpriteFrame"],0,[{"name":"山右","rect":{"x":0,"y":0,"width":271,"height":291},"offset":{"x":0,"y":0.5},"originalSize":{"width":271,"height":292},"rotated":false,"capInsets":[0,0,0,0],"vertices":{"rawPosition":[-135.5,-145.5,0,135.5,-145.5,0,-135.5,145.5,0,135.5,145.5,0],"indexes":[0,1,2,2,1,3],"uv":[0,292,271,292,0,1,271,1],"nuv":[0,0.003424657534246575,1,0.003424657534246575,0,1,1,1],"minPos":{"x":-135.5,"y":-145.5,"z":0},"maxPos":{"x":135.5,"y":145.5,"z":0}},"packable":true,"pixelsToUnit":100,"pivot":{"x":0.5,"y":0.5},"meshType":0}],[0],0,[0],[0],[0]]
