[1,["2c1cwiIo9Ob5UmE5KvLqB4@6c48a"],["_textureSource"],["cc.SpriteFrame"],0,[{"name":"历史最佳：","rect":{"x":0,"y":0,"width":241,"height":40},"offset":{"x":0,"y":0},"originalSize":{"width":241,"height":40},"rotated":false,"capInsets":[0,0,0,0],"vertices":{"rawPosition":[-120.5,-20,0,120.5,-20,0,-120.5,20,0,120.5,20,0],"indexes":[0,1,2,2,1,3],"uv":[0,40,241,40,0,0,241,0],"nuv":[0,0,1,0,0,1,1,1],"minPos":{"x":-120.5,"y":-20,"z":0},"maxPos":{"x":120.5,"y":20,"z":0}},"packable":true,"pixelsToUnit":100,"pivot":{"x":0.5,"y":0.5},"meshType":0}],[0],0,[0],[0],[0]]
