[1,["30KswhElhNfJr0mkr5BtM4@6c48a"],["_textureSource"],["cc.SpriteFrame"],0,[{"name":"绳右1","rect":{"x":0,"y":0,"width":7,"height":100},"offset":{"x":0,"y":0},"originalSize":{"width":7,"height":100},"rotated":false,"capInsets":[0,0,0,0],"vertices":{"rawPosition":[-3.5,-50,0,3.5,-50,0,-3.5,50,0,3.5,50,0],"indexes":[0,1,2,2,1,3],"uv":[0,100,7,100,0,0,7,0],"nuv":[0,0,1,0,0,1,1,1],"minPos":{"x":-3.5,"y":-50,"z":0},"maxPos":{"x":3.5,"y":50,"z":0}},"packable":true,"pixelsToUnit":100,"pivot":{"x":0.5,"y":0.5},"meshType":0}],[0],0,[0],[0],[0]]
