[1,["35kcz5GKRDlJ3y8w2KYKAu@6c48a"],["_textureSource"],["cc.SpriteFrame"],0,[{"name":"底框","rect":{"x":0,"y":0,"width":720,"height":876},"offset":{"x":0,"y":3},"originalSize":{"width":720,"height":882},"rotated":false,"capInsets":[0,0,0,0],"vertices":{"rawPosition":[-360,-438,0,360,-438,0,-360,438,0,360,438,0],"indexes":[0,1,2,2,1,3],"uv":[0,882,720,882,0,6,720,6],"nuv":[0,0.006802721088435374,1,0.006802721088435374,0,1,1,1],"minPos":{"x":-360,"y":-438,"z":0},"maxPos":{"x":360,"y":438,"z":0}},"packable":true,"pixelsToUnit":100,"pivot":{"x":0.5,"y":0.5},"meshType":0}],[0],0,[0],[0],[0]]
