[1,["36t+i/sa9LZYqUbW2wEiYS@6c48a"],["_textureSource"],["cc.SpriteFrame"],0,[{"name":"7","rect":{"x":0,"y":0,"width":119,"height":145},"offset":{"x":0,"y":0},"originalSize":{"width":119,"height":145},"rotated":false,"capInsets":[0,0,0,0],"vertices":{"rawPosition":[-59.5,-72.5,0,59.5,-72.5,0,-59.5,72.5,0,59.5,72.5,0],"indexes":[0,1,2,2,1,3],"uv":[0,145,119,145,0,0,119,0],"nuv":[0,0,1,0,0,1,1,1],"minPos":{"x":-59.5,"y":-72.5,"z":0},"maxPos":{"x":59.5,"y":72.5,"z":0}},"packable":true,"pixelsToUnit":100,"pivot":{"x":0.5,"y":0.5},"meshType":0}],[0],0,[0],[0],[0]]
