[1,["07ylFk4ZBIyJUwan4QP9zN@6c48a"],["_textureSource"],["cc.SpriteFrame"],0,[{"name":"5","rect":{"x":0,"y":0,"width":51,"height":35},"offset":{"x":0,"y":0},"originalSize":{"width":51,"height":35},"rotated":false,"capInsets":[0,0,0,0],"vertices":{"rawPosition":[-25.5,-17.5,0,25.5,-17.5,0,-25.5,17.5,0,25.5,17.5,0],"indexes":[0,1,2,2,1,3],"uv":[0,35,51,35,0,0,51,0],"nuv":[0,0,1,0,0,1,1,1],"minPos":{"x":-25.5,"y":-17.5,"z":0},"maxPos":{"x":25.5,"y":17.5,"z":0}},"packable":true,"pixelsToUnit":100,"pivot":{"x":0.5,"y":0.5},"meshType":0}],[0],0,[0],[0],[0]]
