[1,["a2jlbijwNNWZkFfwiiHB3v@6c48a"],["_textureSource"],["cc.SpriteFrame"],0,[{"name":"4","rect":{"x":0,"y":0,"width":43,"height":33},"offset":{"x":0,"y":0},"originalSize":{"width":43,"height":33},"rotated":false,"capInsets":[0,0,0,0],"vertices":{"rawPosition":[-21.5,-16.5,0,21.5,-16.5,0,-21.5,16.5,0,21.5,16.5,0],"indexes":[0,1,2,2,1,3],"uv":[0,33,43,33,0,0,43,0],"nuv":[0,0,1,0,0,1,1,1],"minPos":{"x":-21.5,"y":-16.5,"z":0},"maxPos":{"x":21.5,"y":16.5,"z":0}},"packable":true,"pixelsToUnit":100,"pivot":{"x":0.5,"y":0.5},"meshType":0}],[0],0,[0],[0],[0]]
