[1,["a81WNEjtNGaKfHIRzufRAI@6c48a"],["_textureSource"],["cc.SpriteFrame"],0,[{"name":"绳左2","rect":{"x":0,"y":0,"width":4,"height":99},"offset":{"x":0,"y":0},"originalSize":{"width":4,"height":99},"rotated":false,"capInsets":[0,0,0,0],"vertices":{"rawPosition":[-2,-49.5,0,2,-49.5,0,-2,49.5,0,2,49.5,0],"indexes":[0,1,2,2,1,3],"uv":[0,99,4,99,0,0,4,0],"nuv":[0,0,1,0,0,1,1,1],"minPos":{"x":-2,"y":-49.5,"z":0},"maxPos":{"x":2,"y":49.5,"z":0}},"packable":true,"pixelsToUnit":100,"pivot":{"x":0.5,"y":0.5},"meshType":0}],[0],0,[0],[0],[0]]
