[1,["94ZGhVG+BEEL91FSMhGB/r@6c48a"],["_textureSource"],["cc.SpriteFrame"],0,[{"name":"花","rect":{"x":0,"y":0,"width":73,"height":70},"offset":{"x":0,"y":0},"originalSize":{"width":73,"height":70},"rotated":false,"capInsets":[0,0,0,0],"vertices":{"rawPosition":[-36.5,-35,0,36.5,-35,0,-36.5,35,0,36.5,35,0],"indexes":[0,1,2,2,1,3],"uv":[0,70,73,70,0,0,73,0],"nuv":[0,0,1,0,0,1,1,1],"minPos":{"x":-36.5,"y":-35,"z":0},"maxPos":{"x":36.5,"y":35,"z":0}},"packable":true,"pixelsToUnit":100,"pivot":{"x":0.5,"y":0.5},"meshType":0}],[0],0,[0],[0],[0]]
