{"importBase":"import","nativeBase":"native","name":"resources","deps":[],"uuids":["01orHXz/BGB6Vcj1AzTPXX","01orHXz/BGB6Vcj1AzTPXX@6c48a","01orHXz/BGB6Vcj1AzTPXX@f9941","04bfcac19","05ejEkLaBP/JhfOtXEPh1Z","05ejEkLaBP/JhfOtXEPh1Z@6c48a","08X2yazbBMnZj9oFp//8JI","0bgj8AQMlKb5AoAUV+COlT","0bgj8AQMlKb5AoAUV+COlT@6c48a","10gzPTM6NNc4TuE9JpvW2s","11GWBvBvlMjYMIruE7hYSG","11GWBvBvlMjYMIruE7hYSG@6c48a","14Iu5MOllGUJWc+vi3eFx7","1avql3tAJCVZTnfvLKtgsw","1avql3tAJCVZTnfvLKtgsw@6c48a","1cjEYqA5ZF7ZTpP2URyujM","1c4foqRFNJLZG6wPooCdrS","1c4foqRFNJLZG6wPooCdrS@6c48a","215lddrLtIcaxbApoI1HiV","22zGhmXjFLX708odFSYb5b@6c48a","23EO+v5I5AapMgMb/kj3cQ","23kcdlQstE9YXcoy2SnuiT","23kcdlQstE9YXcoy2SnuiT@6c48a","230lnFp95E2b3YS/QeenJd","25Xwaux2tHdLkPjpAPzlC+","25Xwaux2tHdLkPjpAPzlC+@6c48a","2c1cwiIo9Ob5UmE5KvLqB4","2ejho4XUFPT5VwYWryXYq3","2ejho4XUFPT5VwYWryXYq3@6c48a","05ejEkLaBP/JhfOtXEPh1Z@f9941","0678a1886","07260b884","07ylFk4ZBIyJUwan4QP9zN","07ylFk4ZBIyJUwan4QP9zN@6c48a","08X2yazbBMnZj9oFp//8JI@6c48a","10gzPTM6NNc4TuE9JpvW2s@6c48a","14Iu5MOllGUJWc+vi3eFx7@6c48a","1cjEYqA5ZF7ZTpP2URyujM@6c48a","22zGhmXjFLX708odFSYb5b","23EO+v5I5AapMgMb/kj3cQ@6c48a","230lnFp95E2b3YS/QeenJd@6c48a","2c1cwiIo9Ob5UmE5KvLqB4@6c48a","30KswhElhNfJr0mkr5BtM4","30KswhElhNfJr0mkr5BtM4@6c48a","34UUrlLsNOBb5zwuCSteVo","34UUrlLsNOBb5zwuCSteVo@6c48a","34dcktN7ZPtaz2otoy7fO/","34dcktN7ZPtaz2otoy7fO/@6c48a","35kcz5GKRDlJ3y8w2KYKAu","35kcz5GKRDlJ3y8w2KYKAu@6c48a","36t+i/sa9LZYqUbW2wEiYS","36t+i/sa9LZYqUbW2wEiYS@6c48a","37p4zhrlZHW7Fp/y7dzNXj","37p4zhrlZHW7Fp/y7dzNXj@6c48a","40S82KEi9BM4VmT8y2FdIG","40S82KEi9BM4VmT8y2FdIG@6c48a","45vcSl341FDZ4sqJ4k/m8g","45vcSl341FDZ4sqJ4k/m8g@6c48a","47X7QRn7dKJZvUMz9RNY/c","47X7QRn7dKJZvUMz9RNY/c@6c48a","4bT77JxhFLBLp+7vmVuE/8","4bT77JxhFLBLp+7vmVuE/8@6c48a","4cCHPePvpJTbqkTtySlaRs","4cCHPePvpJTbqkTtySlaRs@6c48a","4dvmwLgp1MsYIXpR4H5aiR","4dvmwLgp1MsYIXpR4H5aiR@6c48a","54UsRkNR5I2KJ+7VBsDYu6","54UsRkNR5I2KJ+7VBsDYu6@6c48a","568wyR2DRCwa9iP4mXbTH5","568wyR2DRCwa9iP4mXbTH5@6c48a","57Bs6vxjBFD5M4cDrCigJe","57Bs6vxjBFD5M4cDrCigJe@6c48a","58pYY7vddAFb9ACaQ6iPJi","58pYY7vddAFb9ACaQ6iPJi@6c48a","5bviuJiS1CdoMozc1WS58r","5bviuJiS1CdoMozc1WS58r@6c48a","61wsVAZr9M4b0I4RNSM6Jt","61wsVAZr9M4b0I4RNSM6Jt@6c48a","65xzFjnBlCPJNCpB+ks9ou","65xzFjnBlCPJNCpB+ks9ou@6c48a","653xrnxNRDg7J4aWJYmSnq","653xrnxNRDg7J4aWJYmSnq@6c48a","67Ml+0vXtDgZVrAIeC965H","67Ml+0vXtDgZVrAIeC965H@6c48a","6dwonO+ZlEwZuO5+Fffrhn","6dwonO+ZlEwZuO5+Fffrhn@6c48a","7677GUV1ZGTbnL7G3GxJQH","7677GUV1ZGTbnL7G3GxJQH@6c48a","8c6WvJQGNJ7aN+ERcan9h0","8c6WvJQGNJ7aN+ERcan9h0@6c48a","8db2QgSb9IAY68IC0FUCoe","8db2QgSb9IAY68IC0FUCoe@6c48a","8dkz2DBt9MI6aPE5XP57kW","8dkz2DBt9MI6aPE5XP57kW@6c48a","8fmL5B8OFHuouEfMhTDGgY","8fmL5B8OFHuouEfMhTDGgY@6c48a","94ZGhVG+BEEL91FSMhGB/r","94ZGhVG+BEEL91FSMhGB/r@6c48a","99nGBGXbpB+omNNV7aj3Gi","99nGBGXbpB+omNNV7aj3Gi@6c48a","9egnMG/r5FlIWyQQ6lBPp/","9egnMG/r5FlIWyQQ6lBPp/@6c48a","9e3PEu6p1NLZhX2sK0YOCG","9e3PEu6p1NLZhX2sK0YOCG@6c48a","a2Uxk2bhRFfquwTDlR3DmA","a2Uxk2bhRFfquwTDlR3DmA@6c48a","a2jlbijwNNWZkFfwiiHB3v","a2jlbijwNNWZkFfwiiHB3v@6c48a","a81WNEjtNGaKfHIRzufRAI","a81WNEjtNGaKfHIRzufRAI@6c48a","abInjscqNDJY7Q8g2tRlx8","abInjscqNDJY7Q8g2tRlx8@6c48a","acqhW8ifZGCJSwB1Hwal9m","acqhW8ifZGCJSwB1Hwal9m@6c48a","b2ft1aoj1AqJhKLHEh+YnD","b2ft1aoj1AqJhKLHEh+YnD@6c48a","b7qiluyr5E2JScsFg8KTX1","b7qiluyr5E2JScsFg8KTX1@6c48a","beZJbo2AhEkannd4l5L6Qw","beZJbo2AhEkannd4l5L6Qw@6c48a","bfz6S3dv5GAIQghsec63lq","bfz6S3dv5GAIQghsec63lq@6c48a","c46hMoNftGAr0XIZ9hkCA8","c46hMoNftGAr0XIZ9hkCA8@6c48a","c5o+NdT4xBy5Wl6FS20sHg","c5o+NdT4xBy5Wl6FS20sHg@6c48a","c6O8V9IxlBx4qv10Nudcs3","c6O8V9IxlBx4qv10Nudcs3@6c48a","c81JL4ZORMdrzEJWwk1HVQ","c81JL4ZORMdrzEJWwk1HVQ@6c48a","d2EAOLeMNG5o4oCsh01FQC","d2EAOLeMNG5o4oCsh01FQC@6c48a","d3BS4j1jpPDrSwwOxnp7x6","d3BS4j1jpPDrSwwOxnp7x6@6c48a","d5RJCEI9ZAVaA/ovE7jhD4","d5RJCEI9ZAVaA/ovE7jhD4@6c48a","d5VoCFLSFEHLZsVQfrqKcf","d5VoCFLSFEHLZsVQfrqKcf@6c48a","d8ZBY62wNN761Svl6Wy4LK","d8ZBY62wNN761Svl6Wy4LK@6c48a","e0uZLJ+sFElZc7elbbESZ/","e0uZLJ+sFElZc7elbbESZ/@6c48a","e1UccnTaZPYrKfrwCZUDE+","e1UccnTaZPYrKfrwCZUDE+@6c48a","e7/Wvd/IlKsId6G9SpLE/3","e7/Wvd/IlKsId6G9SpLE/3@6c48a","f0STiAQ2NGi7e0B2ZufqEf","f0STiAQ2NGi7e0B2ZufqEf@6c48a","f1tDgt21VGz4vbDLg4Z/TF","f1tDgt21VGz4vbDLg4Z/TF@6c48a","f40Yt576tIc49VSYNiqlT2","f40Yt576tIc49VSYNiqlT2@6c48a","faOvfnpYhDorwppjvc4jmL","faOvfnpYhDorwppjvc4jmL@6c48a","faOvfnpYhDorwppjvc4jmL@f9941","07ylFk4ZBIyJUwan4QP9zN@f9941","08X2yazbBMnZj9oFp//8JI@f9941","0bgj8AQMlKb5AoAUV+COlT@f9941","10gzPTM6NNc4TuE9JpvW2s@f9941","11GWBvBvlMjYMIruE7hYSG@f9941","14Iu5MOllGUJWc+vi3eFx7@f9941","1avql3tAJCVZTnfvLKtgsw@f9941","1cjEYqA5ZF7ZTpP2URyujM@f9941","1c4foqRFNJLZG6wPooCdrS@f9941","22zGhmXjFLX708odFSYb5b@f9941","23EO+v5I5AapMgMb/kj3cQ@f9941","23kcdlQstE9YXcoy2SnuiT@f9941","230lnFp95E2b3YS/QeenJd@f9941","25Xwaux2tHdLkPjpAPzlC+@f9941","2c1cwiIo9Ob5UmE5KvLqB4@f9941","2ejho4XUFPT5VwYWryXYq3@f9941","30KswhElhNfJr0mkr5BtM4@f9941","34UUrlLsNOBb5zwuCSteVo@f9941","34dcktN7ZPtaz2otoy7fO/@f9941","35kcz5GKRDlJ3y8w2KYKAu@f9941","36t+i/sa9LZYqUbW2wEiYS@f9941","37p4zhrlZHW7Fp/y7dzNXj@f9941","40S82KEi9BM4VmT8y2FdIG@f9941","45vcSl341FDZ4sqJ4k/m8g@f9941","47X7QRn7dKJZvUMz9RNY/c@f9941","4amh7oDexHna+x/sixUGSq","4bT77JxhFLBLp+7vmVuE/8@f9941","4cCHPePvpJTbqkTtySlaRs@f9941","4dvmwLgp1MsYIXpR4H5aiR@f9941","54UsRkNR5I2KJ+7VBsDYu6@f9941","568wyR2DRCwa9iP4mXbTH5@f9941","57Bs6vxjBFD5M4cDrCigJe@f9941","58pYY7vddAFb9ACaQ6iPJi@f9941","5bviuJiS1CdoMozc1WS58r@f9941","61wsVAZr9M4b0I4RNSM6Jt@f9941","65xzFjnBlCPJNCpB+ks9ou@f9941","653xrnxNRDg7J4aWJYmSnq@f9941","67Ml+0vXtDgZVrAIeC965H@f9941","6dwonO+ZlEwZuO5+Fffrhn@f9941","7677GUV1ZGTbnL7G3GxJQH@f9941","77kSW+P05MsKbNAbY9prD6","77kSW+P05MsKbNAbY9prD6@6c48a","77kSW+P05MsKbNAbY9prD6@f9941","8c6WvJQGNJ7aN+ERcan9h0@f9941","8db2QgSb9IAY68IC0FUCoe@f9941","8dkz2DBt9MI6aPE5XP57kW@f9941","8fmL5B8OFHuouEfMhTDGgY@f9941","94ZGhVG+BEEL91FSMhGB/r@f9941","99nGBGXbpB+omNNV7aj3Gi@f9941","9egnMG/r5FlIWyQQ6lBPp/@f9941","9e3PEu6p1NLZhX2sK0YOCG@f9941","a2Uxk2bhRFfquwTDlR3DmA@f9941","a2jlbijwNNWZkFfwiiHB3v@f9941","a81WNEjtNGaKfHIRzufRAI@f9941","abInjscqNDJY7Q8g2tRlx8@f9941","acqhW8ifZGCJSwB1Hwal9m@f9941","b2ft1aoj1AqJhKLHEh+YnD@f9941","b7qiluyr5E2JScsFg8KTX1@f9941","beZJbo2AhEkannd4l5L6Qw@f9941","bfz6S3dv5GAIQghsec63lq@f9941","c46hMoNftGAr0XIZ9hkCA8@f9941","c5o+NdT4xBy5Wl6FS20sHg@f9941","c6O8V9IxlBx4qv10Nudcs3@f9941","c81JL4ZORMdrzEJWwk1HVQ@f9941","d2EAOLeMNG5o4oCsh01FQC@f9941","d3BS4j1jpPDrSwwOxnp7x6@f9941","d5RJCEI9ZAVaA/ovE7jhD4@f9941","d5VoCFLSFEHLZsVQfrqKcf@f9941","d8ZBY62wNN761Svl6Wy4LK@f9941","e0uZLJ+sFElZc7elbbESZ/@f9941","e1UccnTaZPYrKfrwCZUDE+@f9941","e7/Wvd/IlKsId6G9SpLE/3@f9941","f0STiAQ2NGi7e0B2ZufqEf@f9941","f1tDgt21VGz4vbDLg4Z/TF@f9941","f40Yt576tIc49VSYNiqlT2@f9941"],"paths":{"0":["texture/select/大底框",1],"1":["texture/select/大底框/texture",2,1],"2":["texture/select/大底框/spriteFrame",3,1],"4":["texture/begin/开始游戏三角形 ",1],"5":["texture/begin/开始游戏三角形 /texture",2,1],"6":["texture/game/第",1],"7":["texture/select/云前",1],"8":["texture/select/云前/texture",2,1],"9":["texture/select/规则",1],"10":["texture/end/第一关",1],"11":["texture/end/第一关/texture",2,1],"12":["texture/select/关卡选择",1],"13":["texture/end/恭喜通关",1],"14":["texture/end/恭喜通关/texture",2,1],"15":["texture/game/步数条底框",1],"16":["texture/end/背板",1],"17":["texture/end/背板/texture",2,1],"18":["prefabs/guankanum",0],"19":["texture/end/本次步数/texture",2,1],"20":["texture/game/关",1],"21":["texture/game/山右",1],"22":["texture/game/山右/texture",2,1],"23":["texture/game/重新开始",1],"24":["texture/select/数字/4",1],"25":["texture/select/数字/4/texture",2,1],"26":["texture/end/历史最佳：",1],"27":["texture/game/关卡数字/1",1],"28":["texture/game/关卡数字/1/texture",2,1],"29":["texture/begin/开始游戏三角形 /spriteFrame",3,1],"32":["texture/game/关卡数字/5",1],"33":["texture/game/关卡数字/5/texture",2,1],"34":["texture/game/第/texture",2,1],"35":["texture/select/规则/texture",2,1],"36":["texture/select/关卡选择/texture",2,1],"37":["texture/game/步数条底框/texture",2,1],"38":["texture/end/本次步数",1],"39":["texture/game/关/texture",2,1],"40":["texture/game/重新开始/texture",2,1],"41":["texture/end/历史最佳：/texture",2,1],"42":["texture/game/绳右1",1],"43":["texture/game/绳右1/texture",2,1],"44":["texture/game/数字/1",1],"45":["texture/game/数字/1/texture",2,1],"46":["texture/begin/logo框",1],"47":["texture/begin/logo框/texture",2,1],"48":["texture/game/底框",1],"49":["texture/game/底框/texture",2,1],"50":["texture/game/数字/7",1],"51":["texture/game/数字/7/texture",2,1],"52":["texture/game/关卡底框",1],"53":["texture/game/关卡底框/texture",2,1],"54":["texture/game/数字底框",1],"55":["texture/game/数字底框/texture",2,1],"56":["texture/select/返回",1],"57":["texture/select/返回/texture",2,1],"58":["texture/end/重玩",1],"59":["texture/end/重玩/texture",2,1],"60":["texture/select/数字/6",1],"61":["texture/select/数字/6/texture",2,1],"62":["texture/game/山左",1],"63":["texture/game/山左/texture",2,1],"64":["texture/select/数字/3",1],"65":["texture/select/数字/3/texture",2,1],"66":["texture/select/背景",1],"67":["texture/select/背景/texture",2,1],"68":["texture/game/数字/0",1],"69":["texture/game/数字/0/texture",2,1],"70":["texture/select/数字/7",1],"71":["texture/select/数字/7/texture",2,1],"72":["texture/game/步数条加载",1],"73":["texture/game/步数条加载/texture",2,1],"74":["texture/game/关卡数字/6",1],"75":["texture/game/关卡数字/6/texture",2,1],"76":["texture/select/数字/1",1],"77":["texture/select/数字/1/texture",2,1],"78":["texture/game/关卡数字/2",1],"79":["texture/game/关卡数字/2/texture",2,1],"80":["texture/begin/1599",1],"81":["texture/begin/1599/texture",2,1],"82":["texture/end/花左",1],"83":["texture/end/花左/texture",2,1],"84":["texture/begin/开始游戏",1],"85":["texture/begin/开始游戏/texture",2,1],"86":["texture/select/数字/5",1],"87":["texture/select/数字/5/texture",2,1],"88":["texture/end/花中",1],"89":["texture/end/花中/texture",2,1],"90":["texture/game/数字/4",1],"91":["texture/game/数字/4/texture",2,1],"92":["texture/end/结算底框",1],"93":["texture/end/结算底框/texture",2,1],"94":["texture/select/数字/8",1],"95":["texture/select/数字/8/texture",2,1],"96":["texture/game/花",1],"97":["texture/game/花/texture",2,1],"98":["texture/game/步数",1],"99":["texture/game/步数/texture",2,1],"100":["texture/game/数字/9",1],"101":["texture/game/数字/9/texture",2,1],"102":["texture/begin/数字华容道",1],"103":["texture/begin/数字华容道/texture",2,1],"104":["texture/game/关卡数字/8",1],"105":["texture/game/关卡数字/8/texture",2,1],"106":["texture/game/关卡数字/4",1],"107":["texture/game/关卡数字/4/texture",2,1],"108":["texture/game/绳左2",1],"109":["texture/game/绳左2/texture",2,1],"110":["texture/game/关卡数字/7",1],"111":["texture/game/关卡数字/7/texture",2,1],"112":["texture/begin/加载中",1],"113":["texture/begin/加载中/texture",2,1],"114":["texture/select/数字/2",1],"115":["texture/select/数字/2/texture",2,1],"116":["texture/game/云前",1],"117":["texture/game/云前/texture",2,1],"118":["texture/game/数字/8",1],"119":["texture/game/数字/8/texture",2,1],"120":["texture/select/小云",1],"121":["texture/select/小云/texture",2,1],"122":["texture/end/光效",1],"123":["texture/end/光效/texture",2,1],"124":["texture/game/数字/2",1],"125":["texture/game/数字/2/texture",2,1],"126":["texture/game/数字/3",1],"127":["texture/game/数字/3/texture",2,1],"128":["texture/end/花右",1],"129":["texture/end/花右/texture",2,1],"130":["texture/game/数字空框",1],"131":["texture/game/数字空框/texture",2,1],"132":["texture/end/下一关",1],"133":["texture/end/下一关/texture",2,1],"134":["texture/game/重新开始字",1],"135":["texture/game/重新开始字/texture",2,1],"136":["texture/game/木板",1],"137":["texture/game/木板/texture",2,1],"138":["texture/game/数字/6",1],"139":["texture/game/数字/6/texture",2,1],"140":["texture/select/音乐",1],"141":["texture/select/音乐/texture",2,1],"142":["texture/game/关卡数字/3",1],"143":["texture/game/关卡数字/3/texture",2,1],"144":["texture/game/绳右2",1],"145":["texture/game/绳右2/texture",2,1],"146":["texture/game/数字/5",1],"147":["texture/game/数字/5/texture",2,1],"148":["texture/game/绳左1",1],"149":["texture/game/绳左1/texture",2,1],"150":["texture/game/背景",1],"151":["texture/game/背景/texture",2,1],"152":["texture/select/数字底框",1],"153":["texture/select/数字底框/texture",2,1],"154":["texture/select/数字底框/spriteFrame",3,1],"155":["texture/game/关卡数字/5/spriteFrame",3,1],"156":["texture/game/第/spriteFrame",3,1],"157":["texture/select/云前/spriteFrame",3,1],"158":["texture/select/规则/spriteFrame",3,1],"159":["texture/end/第一关/spriteFrame",3,1],"160":["texture/select/关卡选择/spriteFrame",3,1],"161":["texture/end/恭喜通关/spriteFrame",3,1],"162":["texture/game/步数条底框/spriteFrame",3,1],"163":["texture/end/背板/spriteFrame",3,1],"164":["texture/end/本次步数/spriteFrame",3,1],"165":["texture/game/关/spriteFrame",3,1],"166":["texture/game/山右/spriteFrame",3,1],"167":["texture/game/重新开始/spriteFrame",3,1],"168":["texture/select/数字/4/spriteFrame",3,1],"169":["texture/end/历史最佳：/spriteFrame",3,1],"170":["texture/game/关卡数字/1/spriteFrame",3,1],"171":["texture/game/绳右1/spriteFrame",3,1],"172":["texture/game/数字/1/spriteFrame",3,1],"173":["texture/begin/logo框/spriteFrame",3,1],"174":["texture/game/底框/spriteFrame",3,1],"175":["texture/game/数字/7/spriteFrame",3,1],"176":["texture/game/关卡底框/spriteFrame",3,1],"177":["texture/game/数字底框/spriteFrame",3,1],"178":["texture/select/返回/spriteFrame",3,1],"179":["texture/end/重玩/spriteFrame",3,1],"181":["texture/select/数字/6/spriteFrame",3,1],"182":["texture/game/山左/spriteFrame",3,1],"183":["texture/select/数字/3/spriteFrame",3,1],"184":["texture/select/背景/spriteFrame",3,1],"185":["texture/game/数字/0/spriteFrame",3,1],"186":["texture/select/数字/7/spriteFrame",3,1],"187":["texture/game/步数条加载/spriteFrame",3,1],"188":["texture/game/关卡数字/6/spriteFrame",3,1],"189":["texture/select/数字/1/spriteFrame",3,1],"190":["texture/game/关卡数字/2/spriteFrame",3,1],"191":["texture/begin/1599/spriteFrame",3,1],"192":["texture/end/花左/spriteFrame",3,1],"193":["texture/begin/开始游戏/spriteFrame",3,1],"194":["texture/select/数字/5/spriteFrame",3,1],"198":["texture/end/花中/spriteFrame",3,1],"199":["texture/game/数字/4/spriteFrame",3,1],"200":["texture/end/结算底框/spriteFrame",3,1],"201":["texture/select/数字/8/spriteFrame",3,1],"202":["texture/game/花/spriteFrame",3,1],"203":["texture/game/步数/spriteFrame",3,1],"204":["texture/game/数字/9/spriteFrame",3,1],"205":["texture/begin/数字华容道/spriteFrame",3,1],"206":["texture/game/关卡数字/8/spriteFrame",3,1],"207":["texture/game/关卡数字/4/spriteFrame",3,1],"208":["texture/game/绳左2/spriteFrame",3,1],"209":["texture/game/关卡数字/7/spriteFrame",3,1],"210":["texture/begin/加载中/spriteFrame",3,1],"211":["texture/select/数字/2/spriteFrame",3,1],"212":["texture/game/云前/spriteFrame",3,1],"213":["texture/game/数字/8/spriteFrame",3,1],"214":["texture/select/小云/spriteFrame",3,1],"215":["texture/end/光效/spriteFrame",3,1],"216":["texture/game/数字/2/spriteFrame",3,1],"217":["texture/game/数字/3/spriteFrame",3,1],"218":["texture/end/花右/spriteFrame",3,1],"219":["texture/game/数字空框/spriteFrame",3,1],"220":["texture/end/下一关/spriteFrame",3,1],"221":["texture/game/重新开始字/spriteFrame",3,1],"222":["texture/game/木板/spriteFrame",3,1],"223":["texture/game/数字/6/spriteFrame",3,1],"224":["texture/select/音乐/spriteFrame",3,1],"225":["texture/game/关卡数字/3/spriteFrame",3,1],"226":["texture/game/绳右2/spriteFrame",3,1],"227":["texture/game/数字/5/spriteFrame",3,1],"228":["texture/game/绳左1/spriteFrame",3,1],"229":["texture/game/背景/spriteFrame",3,1]},"scenes":{},"packs":{"04bfcac19":["7","0","13","15","16","26","27","60","62","64","74","84","32","88","90","92","94","100","102","38","23","50","52","56","68","4","72","76","78","80","86","6","24","42","54","58","98","12","20","21","46","48","66","70","44","82","9","195","10","96","108","106","104","110","112","116","114","118","120","122","124","128","126","132","130","138","134","136","140","144","142","148","150","146","152"],"0678a1886":["18","180","197","154"],"07260b884":["8","1","14","37","17","41","28","61","63","65","75","85","33","89","91","93","95","101","103","19","40","51","53","57","69","5","73","77","79","81","87","34","25","43","55","59","99","36","39","22","47","49","67","71","45","83","35","196","11","97","109","107","105","111","113","117","115","119","121","123","125","129","127","133","131","139","135","137","141","145","143","149","151","147","153"]},"versions":{"import":[],"native":[]},"redirect":[],"debug":false,"extensionMap":{},"types":["cc.Prefab","cc.ImageAsset","cc.Texture2D","cc.SpriteFrame"]}