[1,["25Xwaux2tHdLkPjpAPzlC+@6c48a"],["_textureSource"],["cc.SpriteFrame"],0,[{"name":"4","rect":{"x":0,"y":0,"width":69,"height":83},"offset":{"x":0,"y":0},"originalSize":{"width":69,"height":83},"rotated":false,"capInsets":[0,0,0,0],"vertices":{"rawPosition":[-34.5,-41.5,0,34.5,-41.5,0,-34.5,41.5,0,34.5,41.5,0],"indexes":[0,1,2,2,1,3],"uv":[0,83,69,83,0,0,69,0],"nuv":[0,0,1,0,0,1,1,1],"minPos":{"x":-34.5,"y":-41.5,"z":0},"maxPos":{"x":34.5,"y":41.5,"z":0}},"packable":true,"pixelsToUnit":100,"pivot":{"x":0.5,"y":0.5},"meshType":0}],[0],0,[0],[0],[0]]
