[1,["58pYY7vddAFb9ACaQ6iPJi@6c48a"],["_textureSource"],["cc.SpriteFrame"],0,[{"name":"步数条加载","rect":{"x":0,"y":0,"width":422,"height":43},"offset":{"x":0,"y":0},"originalSize":{"width":422,"height":43},"rotated":false,"capInsets":[18,0,18,0],"vertices":{"rawPosition":[-211,-21.5,0,211,-21.5,0,-211,21.5,0,211,21.5,0],"indexes":[0,1,2,2,1,3],"uv":[0,43,422,43,0,0,422,0],"nuv":[0,0,1,0,0,1,1,1],"minPos":{"x":-211,"y":-21.5,"z":0},"maxPos":{"x":211,"y":21.5,"z":0}},"packable":true,"pixelsToUnit":100,"pivot":{"x":0.5,"y":0.5},"meshType":0}],[0],0,[0],[0],[0]]
