[1,["57Bs6vxjBFD5M4cDrCigJe@6c48a"],["_textureSource"],["cc.SpriteFrame"],0,[{"name":"7","rect":{"x":0,"y":0,"width":70,"height":81},"offset":{"x":0,"y":0},"originalSize":{"width":70,"height":81},"rotated":false,"capInsets":[0,0,0,0],"vertices":{"rawPosition":[-35,-40.5,0,35,-40.5,0,-35,40.5,0,35,40.5,0],"indexes":[0,1,2,2,1,3],"uv":[0,81,70,81,0,0,70,0],"nuv":[0,0,1,0,0,1,1,1],"minPos":{"x":-35,"y":-40.5,"z":0},"maxPos":{"x":35,"y":40.5,"z":0}},"packable":true,"pixelsToUnit":100,"pivot":{"x":0.5,"y":0.5},"meshType":0}],[0],0,[0],[0],[0]]
