[1,["e7/Wvd/IlKsId6G9SpLE/3@6c48a"],["_textureSource"],["cc.SpriteFrame"],0,[{"name":"绳右2","rect":{"x":0,"y":0,"width":10,"height":98},"offset":{"x":0,"y":0},"originalSize":{"width":10,"height":98},"rotated":false,"capInsets":[0,0,0,0],"vertices":{"rawPosition":[-5,-49,0,5,-49,0,-5,49,0,5,49,0],"indexes":[0,1,2,2,1,3],"uv":[0,98,10,98,0,0,10,0],"nuv":[0,0,1,0,0,1,1,1],"minPos":{"x":-5,"y":-49,"z":0},"maxPos":{"x":5,"y":49,"z":0}},"packable":true,"pixelsToUnit":100,"pivot":{"x":0.5,"y":0.5},"meshType":0}],[0],0,[0],[0],[0]]
