[1,["568wyR2DRCwa9iP4mXbTH5@6c48a"],["_textureSource"],["cc.SpriteFrame"],0,[{"name":"0","rect":{"x":0,"y":0,"width":116,"height":146},"offset":{"x":0,"y":0},"originalSize":{"width":116,"height":146},"rotated":false,"capInsets":[0,0,0,0],"vertices":{"rawPosition":[-58,-73,0,58,-73,0,-58,73,0,58,73,0],"indexes":[0,1,2,2,1,3],"uv":[0,146,116,146,0,0,116,0],"nuv":[0,0,1,0,0,1,1,1],"minPos":{"x":-58,"y":-73,"z":0},"maxPos":{"x":58,"y":73,"z":0}},"packable":true,"pixelsToUnit":100,"pivot":{"x":0.5,"y":0.5},"meshType":0}],[0],0,[0],[0],[0]]
