[1,["34dcktN7ZPtaz2otoy7fO/@6c48a"],["_textureSource"],["cc.SpriteFrame"],0,[{"name":"logo框","rect":{"x":0,"y":0,"width":614,"height":607},"offset":{"x":0,"y":0},"originalSize":{"width":614,"height":607},"rotated":false,"capInsets":[0,0,0,0],"vertices":{"rawPosition":[-307,-303.5,0,307,-303.5,0,-307,303.5,0,307,303.5,0],"indexes":[0,1,2,2,1,3],"uv":[0,607,614,607,0,0,614,0],"nuv":[0,0,1,0,0,1,1,1],"minPos":{"x":-307,"y":-303.5,"z":0},"maxPos":{"x":307,"y":303.5,"z":0}},"packable":true,"pixelsToUnit":100,"pivot":{"x":0.5,"y":0.5},"meshType":0}],[0],0,[0],[0],[0]]
