[1,["08X2yazbBMnZj9oFp//8JI@6c48a"],["_textureSource"],["cc.SpriteFrame"],0,[{"name":"第","rect":{"x":0,"y":0,"width":54,"height":40},"offset":{"x":0,"y":0},"originalSize":{"width":54,"height":40},"rotated":false,"capInsets":[0,0,0,0],"vertices":{"rawPosition":[-27,-20,0,27,-20,0,-27,20,0,27,20,0],"indexes":[0,1,2,2,1,3],"uv":[0,40,54,40,0,0,54,0],"nuv":[0,0,1,0,0,1,1,1],"minPos":{"x":-27,"y":-20,"z":0},"maxPos":{"x":27,"y":20,"z":0}},"packable":true,"pixelsToUnit":100,"pivot":{"x":0.5,"y":0.5},"meshType":0}],[0],0,[0],[0],[0]]
