[1,["d5RJCEI9ZAVaA/ovE7jhD4@6c48a"],["_textureSource"],["cc.SpriteFrame"],0,[{"name":"重新开始字","rect":{"x":0,"y":0,"width":130,"height":25},"offset":{"x":0,"y":0},"originalSize":{"width":130,"height":25},"rotated":false,"capInsets":[0,0,0,0],"vertices":{"rawPosition":[-65,-12.5,0,65,-12.5,0,-65,12.5,0,65,12.5,0],"indexes":[0,1,2,2,1,3],"uv":[0,25,130,25,0,0,130,0],"nuv":[0,0,1,0,0,1,1,1],"minPos":{"x":-65,"y":-12.5,"z":0},"maxPos":{"x":65,"y":12.5,"z":0}},"packable":true,"pixelsToUnit":100,"pivot":{"x":0.5,"y":0.5},"meshType":0}],[0],0,[0],[0],[0]]
