{"importBase":"import","nativeBase":"native","name":"main","deps":["resources"],"uuids":["d6rGMIQa9ByawWZ5Z8ollU","01orHXz/BGB6Vcj1AzTPXX@f9941","02967e02d","04c2d8d03","05ejEkLaBP/JhfOtXEPh1Z@f9941","08X2yazbBMnZj9oFp//8JI@f9941","0a6a6b986","14Iu5MOllGUJWc+vi3eFx7@f9941","1avql3tAJCVZTnfvLKtgsw@f9941","1cjEYqA5ZF7ZTpP2URyujM@f9941","1c4foqRFNJLZG6wPooCdrS@f9941","20g1ukYUVPvKWKBRznAKo+","20g1ukYUVPvKWKBRznAKo+@6c48a","20g1ukYUVPvKWKBRznAKo+@f9941","215lddrLtIcaxbApoI1HiV","22zGhmXjFLX708odFSYb5b@f9941","23EO+v5I5AapMgMb/kj3cQ@f9941","23kcdlQstE9YXcoy2SnuiT@f9941","230lnFp95E2b3YS/QeenJd@f9941","2c1cwiIo9Ob5UmE5KvLqB4@f9941","2ejho4XUFPT5VwYWryXYq3@f9941","30KswhElhNfJr0mkr5BtM4@f9941","34UUrlLsNOBb5zwuCSteVo@f9941","34dcktN7ZPtaz2otoy7fO/@f9941","35kcz5GKRDlJ3y8w2KYKAu@f9941","36t+i/sa9LZYqUbW2wEiYS@f9941","37p4zhrlZHW7Fp/y7dzNXj@f9941","40S82KEi9BM4VmT8y2FdIG@f9941","45vcSl341FDZ4sqJ4k/m8g@f9941","47X7QRn7dKJZvUMz9RNY/c@f9941","4cCHPePvpJTbqkTtySlaRs@f9941","54TknWPwVPqJqeCR+Y/Czo","54TknWPwVPqJqeCR+Y/Czo@6c48a","54TknWPwVPqJqeCR+Y/Czo@f9941","54UsRkNR5I2KJ+7VBsDYu6@f9941","58pYY7vddAFb9ACaQ6iPJi@f9941","653xrnxNRDg7J4aWJYmSnq@f9941","67Ml+0vXtDgZVrAIeC965H@f9941","6dwonO+ZlEwZuO5+Fffrhn@f9941","8c6WvJQGNJ7aN+ERcan9h0@f9941","8db2QgSb9IAY68IC0FUCoe@f9941","8dkz2DBt9MI6aPE5XP57kW@f9941","94ZGhVG+BEEL91FSMhGB/r@f9941","95EkngnxZFbYuFpsqVTaFr","95EkngnxZFbYuFpsqVTaFr@6c48a","95EkngnxZFbYuFpsqVTaFr@f9941","99nGBGXbpB+omNNV7aj3Gi@f9941","9e3PEu6p1NLZhX2sK0YOCG@f9941","a81WNEjtNGaKfHIRzufRAI@f9941","acqhW8ifZGCJSwB1Hwal9m@f9941","b7qiluyr5E2JScsFg8KTX1@f9941","beZJbo2AhEkannd4l5L6Qw@f9941","c46hMoNftGAr0XIZ9hkCA8@f9941","c5o+NdT4xBy5Wl6FS20sHg@f9941","c6O8V9IxlBx4qv10Nudcs3@f9941","c81JL4ZORMdrzEJWwk1HVQ@f9941","d3BS4j1jpPDrSwwOxnp7x6@f9941","d5RJCEI9ZAVaA/ovE7jhD4@f9941","d5VoCFLSFEHLZsVQfrqKcf@f9941","d8ZBY62wNN761Svl6Wy4LK@f9941","e7/Wvd/IlKsId6G9SpLE/3@f9941","f0STiAQ2NGi7e0B2ZufqEf@f9941","f1tDgt21VGz4vbDLg4Z/TF@f9941","f40Yt576tIc49VSYNiqlT2@f9941","fdjsU2o1RKF5x0TziDw3jI"],"paths":{"64":["db:/internal/default_renderpipeline/builtin-forward",0]},"scenes":{"db://assets/scene/game.scene":0},"packs":{"02967e02d":["13","33","45","0"],"04c2d8d03":["31","11","43"],"0a6a6b986":["32","12","44"]},"versions":{"import":[],"native":[]},"redirect":[1,"0",4,"0",5,"0",7,"0",8,"0",9,"0",10,"0",14,"0",15,"0",16,"0",17,"0",18,"0",19,"0",20,"0",21,"0",22,"0",23,"0",24,"0",25,"0",26,"0",27,"0",28,"0",29,"0",30,"0",34,"0",35,"0",36,"0",37,"0",38,"0",39,"0",40,"0",41,"0",42,"0",46,"0",47,"0",48,"0",49,"0",50,"0",51,"0",52,"0",53,"0",54,"0",55,"0",56,"0",57,"0",58,"0",59,"0",60,"0",61,"0",62,"0",63,"0"],"debug":false,"extensionMap":{},"types":["cc.RenderPipeline"]}