[1,["d3BS4j1jpPDrSwwOxnp7x6@6c48a"],["_textureSource"],["cc.SpriteFrame"],0,[{"name":"下一关","rect":{"x":0,"y":0,"width":202,"height":209},"offset":{"x":0,"y":0},"originalSize":{"width":202,"height":209},"rotated":false,"capInsets":[0,0,0,0],"vertices":{"rawPosition":[-101,-104.5,0,101,-104.5,0,-101,104.5,0,101,104.5,0],"indexes":[0,1,2,2,1,3],"uv":[0,209,202,209,0,0,202,0],"nuv":[0,0,1,0,0,1,1,1],"minPos":{"x":-101,"y":-104.5,"z":0},"maxPos":{"x":101,"y":104.5,"z":0}},"packable":true,"pixelsToUnit":100,"pivot":{"x":0.5,"y":0.5},"meshType":0}],[0],0,[0],[0],[0]]
