[1,["1cjEYqA5ZF7ZTpP2URyujM@6c48a"],["_textureSource"],["cc.SpriteFrame"],0,[{"name":"步数条底框","rect":{"x":0,"y":0,"width":434,"height":53},"offset":{"x":0,"y":0},"originalSize":{"width":434,"height":53},"rotated":false,"capInsets":[0,0,0,0],"vertices":{"rawPosition":[-217,-26.5,0,217,-26.5,0,-217,26.5,0,217,26.5,0],"indexes":[0,1,2,2,1,3],"uv":[0,53,434,53,0,0,434,0],"nuv":[0,0,1,0,0,1,1,1],"minPos":{"x":-217,"y":-26.5,"z":0},"maxPos":{"x":217,"y":26.5,"z":0}},"packable":true,"pixelsToUnit":100,"pivot":{"x":0.5,"y":0.5},"meshType":0}],[0],0,[0],[0],[0]]
