[1,["1avql3tAJCVZTnfvLKtgsw@6c48a"],["_textureSource"],["cc.SpriteFrame"],0,[{"name":"恭喜通关","rect":{"x":0,"y":0,"width":669,"height":430},"offset":{"x":0,"y":0},"originalSize":{"width":669,"height":430},"rotated":false,"capInsets":[0,0,0,0],"vertices":{"rawPosition":[-334.5,-215,0,334.5,-215,0,-334.5,215,0,334.5,215,0],"indexes":[0,1,2,2,1,3],"uv":[0,430,669,430,0,0,669,0],"nuv":[0,0,1,0,0,1,1,1],"minPos":{"x":-334.5,"y":-215,"z":0},"maxPos":{"x":334.5,"y":215,"z":0}},"packable":true,"pixelsToUnit":100,"pivot":{"x":0.5,"y":0.5},"meshType":0}],[0],0,[0],[0],[0]]
