[1,["14Iu5MOllGUJWc+vi3eFx7@6c48a"],["_textureSource"],["cc.SpriteFrame"],0,[{"name":"关卡选择","rect":{"x":0,"y":0,"width":355,"height":97},"offset":{"x":0,"y":0},"originalSize":{"width":355,"height":97},"rotated":false,"capInsets":[0,0,0,0],"vertices":{"rawPosition":[-177.5,-48.5,0,177.5,-48.5,0,-177.5,48.5,0,177.5,48.5,0],"indexes":[0,1,2,2,1,3],"uv":[0,97,355,97,0,0,355,0],"nuv":[0,0,1,0,0,1,1,1],"minPos":{"x":-177.5,"y":-48.5,"z":0},"maxPos":{"x":177.5,"y":48.5,"z":0}},"packable":true,"pixelsToUnit":100,"pivot":{"x":0.5,"y":0.5},"meshType":0}],[0],0,[0],[0],[0]]
