[1,["61wsVAZr9M4b0I4RNSM6Jt@6c48a"],["_textureSource"],["cc.SpriteFrame"],0,[{"name":"1","rect":{"x":0,"y":0,"width":43,"height":82},"offset":{"x":0,"y":0},"originalSize":{"width":43,"height":82},"rotated":false,"capInsets":[0,0,0,0],"vertices":{"rawPosition":[-21.5,-41,0,21.5,-41,0,-21.5,41,0,21.5,41,0],"indexes":[0,1,2,2,1,3],"uv":[0,82,43,82,0,0,43,0],"nuv":[0,0,1,0,0,1,1,1],"minPos":{"x":-21.5,"y":-41,"z":0},"maxPos":{"x":21.5,"y":41,"z":0}},"packable":true,"pixelsToUnit":100,"pivot":{"x":0.5,"y":0.5},"meshType":0}],[0],0,[0],[0],[0]]
