[1,["e0uZLJ+sFElZc7elbbESZ/@6c48a"],["_textureSource"],["cc.SpriteFrame"],0,[{"name":"音乐","rect":{"x":0,"y":0,"width":82,"height":82},"offset":{"x":0,"y":0},"originalSize":{"width":82,"height":82},"rotated":false,"capInsets":[0,0,0,0],"vertices":{"rawPosition":[-41,-41,0,41,-41,0,-41,41,0,41,41,0],"indexes":[0,1,2,2,1,3],"uv":[0,82,82,82,0,0,82,0],"nuv":[0,0,1,0,0,1,1,1],"minPos":{"x":-41,"y":-41,"z":0},"maxPos":{"x":41,"y":41,"z":0}},"packable":true,"pixelsToUnit":100,"pivot":{"x":0.5,"y":0.5},"meshType":0}],[0],0,[0],[0],[0]]
