[1,["4amh7oDexHna+x/sixUGSq","faOvfnpYhDorwppjvc4jmL@f9941","77kSW+P05MsKbNAbY9prD6@f9941","77kSW+P05MsKbNAbY9prD6@6c48a","faOvfnpYhDorwppjvc4jmL@6c48a"],["node","_textureSource","root","data","_font","_spriteFrame","spriteFrame"],["cc.SpriteFrame",["cc.Node",["_name","_layer","_components","_prefab","_children","_parent","_lpos"],1,9,4,2,1,5],["cc.Prefab",["_name"],2],["cc.UITransform",["node","__prefab","_contentSize"],3,1,4,5],["cc.CompPrefabInfo",["fileId"],2],["cc.Sprite",["node","__prefab","_spriteFrame"],3,1,4,6],["cc.PrefabInfo",["fileId","root","asset"],2,1,1],["cc.Label",["_string","_actualFontSize","_fontSize","_lineHeight","_isSystemFontUsed","node","__prefab","_font"],-2,1,4,6],["cc.BitmapFont",["_name","fontSize","fntConfig"],0]],[[4,0,2],[3,0,1,2,1],[6,0,1,2,2],[2,0,2],[1,0,1,4,2,3,3],[1,0,1,5,2,3,6,3],[5,0,1,2,1],[7,0,1,2,3,4,5,6,7,6],[8,0,1,2,4]],[[[[3,"guankanum"],[4,"guankanum",33554432,[-4],[[1,-2,[0,"95NYL9RclLH6hrzcLWfHBP"],[5,154,158]],[6,-3,[0,"85q5q++6pH9pE9hE+Jszsn"],1]],[2,"96u3Lz0HlNXZZOb9dAK7h4",-1,0]],[5,"num",33554432,1,[[1,-5,[0,"0eduuizxFDyaLoOVIijyiR"],[5,46.63,90]],[7,"1",90,90,90,false,-6,[0,"23GuA3BZxFGr0QkdrO9CXS"],0]],[2,"ebkAh5JO5G664Rc2O+CI7o",1,0],[1,-1,11,0]]],0,[0,2,1,0,0,1,0,0,1,0,-1,2,0,0,2,0,0,2,0,3,1,6],[0,0],[4,5],[0,1]],[[[8,"num",83,{"commonHeight":83,"fontSize":83,"atlasName":"num.png","fontDefDictionary":{"49":{"xOffset":0,"yOffset":0,"xAdvance":43,"rect":{"x":2,"y":2,"width":43,"height":82}},"50":{"xOffset":0,"yOffset":0,"xAdvance":71,"rect":{"x":47,"y":2,"width":71,"height":81}},"51":{"xOffset":0,"yOffset":0,"xAdvance":67,"rect":{"x":120,"y":2,"width":67,"height":81}},"52":{"xOffset":0,"yOffset":0,"xAdvance":69,"rect":{"x":2,"y":87,"width":69,"height":83}},"53":{"xOffset":0,"yOffset":0,"xAdvance":64,"rect":{"x":73,"y":87,"width":64,"height":82}},"54":{"xOffset":0,"yOffset":0,"xAdvance":66,"rect":{"x":139,"y":87,"width":66,"height":82}},"55":{"xOffset":0,"yOffset":0,"xAdvance":70,"rect":{"x":2,"y":172,"width":70,"height":81}},"56":{"xOffset":0,"yOffset":0,"xAdvance":66,"rect":{"x":74,"y":172,"width":66,"height":82}}},"kerningDict":{}}]],0,0,[0],[6],[2]],[[{"name":"num","rect":{"x":2,"y":2,"width":203,"height":252},"offset":{"x":-24.5,"y":0},"originalSize":{"width":256,"height":256},"rotated":false,"capInsets":[0,0,0,0],"vertices":{"rawPosition":[-101.5,-126,0,101.5,-126,0,-101.5,126,0,101.5,126,0],"indexes":[0,1,2,2,1,3],"uv":[2,254,205,254,2,2,205,2],"nuv":[0.0078125,0.0078125,0.80078125,0.0078125,0.0078125,0.9921875,0.80078125,0.9921875],"minPos":{"x":-101.5,"y":-126,"z":0},"maxPos":{"x":101.5,"y":126,"z":0}},"packable":true,"pixelsToUnit":100,"pivot":{"x":0.5,"y":0.5},"meshType":0}],[0],0,[0],[1],[3]],[[{"name":"数字底框","rect":{"x":0,"y":0,"width":154,"height":158},"offset":{"x":0,"y":0},"originalSize":{"width":154,"height":158},"rotated":false,"capInsets":[0,0,0,0],"vertices":{"rawPosition":[-77,-79,0,77,-79,0,-77,79,0,77,79,0],"indexes":[0,1,2,2,1,3],"uv":[0,158,154,158,0,0,154,0],"nuv":[0,0,1,0,0,1,1,1],"minPos":{"x":-77,"y":-79,"z":0},"maxPos":{"x":77,"y":79,"z":0}},"packable":true,"pixelsToUnit":100,"pivot":{"x":0.5,"y":0.5},"meshType":0}],[0],0,[0],[1],[4]]]]
