[1,["f1tDgt21VGz4vbDLg4Z/TF@6c48a"],["_textureSource"],["cc.SpriteFrame"],0,[{"name":"绳左1","rect":{"x":0,"y":0,"width":8,"height":98},"offset":{"x":0,"y":0},"originalSize":{"width":8,"height":98},"rotated":false,"capInsets":[0,0,0,0],"vertices":{"rawPosition":[-4,-49,0,4,-49,0,-4,49,0,4,49,0],"indexes":[0,1,2,2,1,3],"uv":[0,98,8,98,0,0,8,0],"nuv":[0,0,1,0,0,1,1,1],"minPos":{"x":-4,"y":-49,"z":0},"maxPos":{"x":4,"y":49,"z":0}},"packable":true,"pixelsToUnit":100,"pivot":{"x":0.5,"y":0.5},"meshType":0}],[0],0,[0],[0],[0]]
