[1,["b7qiluyr5E2JScsFg8KTX1@6c48a"],["_textureSource"],["cc.SpriteFrame"],0,[{"name":"云前","rect":{"x":0,"y":0,"width":720,"height":524},"offset":{"x":0,"y":0},"originalSize":{"width":720,"height":524},"rotated":false,"capInsets":[0,0,0,0],"vertices":{"rawPosition":[-360,-262,0,360,-262,0,-360,262,0,360,262,0],"indexes":[0,1,2,2,1,3],"uv":[0,524,720,524,0,0,720,0],"nuv":[0,0,1,0,0,1,1,1],"minPos":{"x":-360,"y":-262,"z":0},"maxPos":{"x":360,"y":262,"z":0}},"packable":true,"pixelsToUnit":100,"pivot":{"x":0.5,"y":0.5},"meshType":0}],[0],0,[0],[0],[0]]
