[1,["40S82KEi9BM4VmT8y2FdIG@6c48a"],["_textureSource"],["cc.SpriteFrame"],0,[{"name":"数字底框","rect":{"x":0,"y":0,"width":227,"height":226},"offset":{"x":0,"y":0},"originalSize":{"width":227,"height":226},"rotated":false,"capInsets":[0,0,0,0],"vertices":{"rawPosition":[-113.5,-113,0,113.5,-113,0,-113.5,113,0,113.5,113,0],"indexes":[0,1,2,2,1,3],"uv":[0,226,227,226,0,0,227,0],"nuv":[0,0,1,0,0,1,1,1],"minPos":{"x":-113.5,"y":-113,"z":0},"maxPos":{"x":113.5,"y":113,"z":0}},"packable":true,"pixelsToUnit":100,"pivot":{"x":0.5,"y":0.5},"meshType":0}],[0],0,[0],[0],[0]]
