[1,["8c6WvJQGNJ7aN+ERcan9h0@6c48a"],["_textureSource"],["cc.SpriteFrame"],0,[{"name":"花中","rect":{"x":0,"y":0,"width":266,"height":258},"offset":{"x":0,"y":0},"originalSize":{"width":266,"height":258},"rotated":false,"capInsets":[0,0,0,0],"vertices":{"rawPosition":[-133,-129,0,133,-129,0,-133,129,0,133,129,0],"indexes":[0,1,2,2,1,3],"uv":[0,258,266,258,0,0,266,0],"nuv":[0,0,1,0,0,1,1,1],"minPos":{"x":-133,"y":-129,"z":0},"maxPos":{"x":133,"y":129,"z":0}},"packable":true,"pixelsToUnit":100,"pivot":{"x":0.5,"y":0.5},"meshType":0}],[0],0,[0],[0],[0]]
