[1,["5bviuJiS1CdoMozc1WS58r@6c48a"],["_textureSource"],["cc.SpriteFrame"],0,[{"name":"6","rect":{"x":0,"y":0,"width":52,"height":35},"offset":{"x":0,"y":0},"originalSize":{"width":52,"height":35},"rotated":false,"capInsets":[0,0,0,0],"vertices":{"rawPosition":[-26,-17.5,0,26,-17.5,0,-26,17.5,0,26,17.5,0],"indexes":[0,1,2,2,1,3],"uv":[0,35,52,35,0,0,52,0],"nuv":[0,0,1,0,0,1,1,1],"minPos":{"x":-26,"y":-17.5,"z":0},"maxPos":{"x":26,"y":17.5,"z":0}},"packable":true,"pixelsToUnit":100,"pivot":{"x":0.5,"y":0.5},"meshType":0}],[0],0,[0],[0],[0]]
