[1,["37p4zhrlZHW7Fp/y7dzNXj@6c48a"],["_textureSource"],["cc.SpriteFrame"],0,[{"name":"关卡底框","rect":{"x":0,"y":0,"width":339,"height":93},"offset":{"x":0,"y":0},"originalSize":{"width":339,"height":93},"rotated":false,"capInsets":[0,0,0,0],"vertices":{"rawPosition":[-169.5,-46.5,0,169.5,-46.5,0,-169.5,46.5,0,169.5,46.5,0],"indexes":[0,1,2,2,1,3],"uv":[0,93,339,93,0,0,339,0],"nuv":[0,0,1,0,0,1,1,1],"minPos":{"x":-169.5,"y":-46.5,"z":0},"maxPos":{"x":169.5,"y":46.5,"z":0}},"packable":true,"pixelsToUnit":100,"pivot":{"x":0.5,"y":0.5},"meshType":0}],[0],0,[0],[0],[0]]
