[1,["7677GUV1ZGTbnL7G3GxJQH@6c48a"],["_textureSource"],["cc.SpriteFrame"],0,[{"name":"5","rect":{"x":0,"y":0,"width":64,"height":82},"offset":{"x":0,"y":0},"originalSize":{"width":64,"height":82},"rotated":false,"capInsets":[0,0,0,0],"vertices":{"rawPosition":[-32,-41,0,32,-41,0,-32,41,0,32,41,0],"indexes":[0,1,2,2,1,3],"uv":[0,82,64,82,0,0,64,0],"nuv":[0,0,1,0,0,1,1,1],"minPos":{"x":-32,"y":-41,"z":0},"maxPos":{"x":32,"y":41,"z":0}},"packable":true,"pixelsToUnit":100,"pivot":{"x":0.5,"y":0.5},"meshType":0}],[0],0,[0],[0],[0]]
