[1,["c81JL4ZORMdrzEJWwk1HVQ@6c48a"],["_textureSource"],["cc.SpriteFrame"],0,[{"name":"花右","rect":{"x":0,"y":0,"width":199,"height":203},"offset":{"x":0,"y":0},"originalSize":{"width":199,"height":203},"rotated":false,"capInsets":[0,0,0,0],"vertices":{"rawPosition":[-99.5,-101.5,0,99.5,-101.5,0,-99.5,101.5,0,99.5,101.5,0],"indexes":[0,1,2,2,1,3],"uv":[0,203,199,203,0,0,199,0],"nuv":[0,0,1,0,0,1,1,1],"minPos":{"x":-99.5,"y":-101.5,"z":0},"maxPos":{"x":99.5,"y":101.5,"z":0}},"packable":true,"pixelsToUnit":100,"pivot":{"x":0.5,"y":0.5},"meshType":0}],[0],0,[0],[0],[0]]
