[1,["d8ZBY62wNN761Svl6Wy4LK@6c48a"],["_textureSource"],["cc.SpriteFrame"],0,[{"name":"6","rect":{"x":0,"y":0,"width":112,"height":144},"offset":{"x":0,"y":0},"originalSize":{"width":112,"height":144},"rotated":false,"capInsets":[0,0,0,0],"vertices":{"rawPosition":[-56,-72,0,56,-72,0,-56,72,0,56,72,0],"indexes":[0,1,2,2,1,3],"uv":[0,144,112,144,0,0,112,0],"nuv":[0,0,1,0,0,1,1,1],"minPos":{"x":-56,"y":-72,"z":0},"maxPos":{"x":56,"y":72,"z":0}},"packable":true,"pixelsToUnit":100,"pivot":{"x":0.5,"y":0.5},"meshType":0}],[0],0,[0],[0],[0]]
