[1,["01orHXz/BGB6Vcj1AzTPXX@6c48a"],["_textureSource"],["cc.SpriteFrame"],0,[{"name":"大底框","rect":{"x":0,"y":0,"width":711,"height":1317},"offset":{"x":0,"y":0},"originalSize":{"width":711,"height":1317},"rotated":false,"capInsets":[0,0,0,0],"vertices":{"rawPosition":[-355.5,-658.5,0,355.5,-658.5,0,-355.5,658.5,0,355.5,658.5,0],"indexes":[0,1,2,2,1,3],"uv":[0,1317,711,1317,0,0,711,0],"nuv":[0,0,1,0,0,1,1,1],"minPos":{"x":-355.5,"y":-658.5,"z":0},"maxPos":{"x":355.5,"y":658.5,"z":0}},"packable":true,"pixelsToUnit":100,"pivot":{"x":0.5,"y":0.5},"meshType":0}],[0],0,[0],[0],[0]]
