[1,["bfz6S3dv5GAIQghsec63lq@6c48a"],["_textureSource"],["cc.SpriteFrame"],0,[{"name":"小云","rect":{"x":0,"y":0,"width":316,"height":20},"offset":{"x":0,"y":0},"originalSize":{"width":316,"height":20},"rotated":false,"capInsets":[0,0,0,0],"vertices":{"rawPosition":[-158,-10,0,158,-10,0,-158,10,0,158,10,0],"indexes":[0,1,2,2,1,3],"uv":[0,20,316,20,0,0,316,0],"nuv":[0,0,1,0,0,1,1,1],"minPos":{"x":-158,"y":-10,"z":0},"maxPos":{"x":158,"y":10,"z":0}},"packable":true,"pixelsToUnit":100,"pivot":{"x":0.5,"y":0.5},"meshType":0}],[0],0,[0],[0],[0]]
