[1,["6dwonO+ZlEwZuO5+Fffrhn@6c48a"],["_textureSource"],["cc.SpriteFrame"],0,[{"name":"开始游戏","rect":{"x":0,"y":0,"width":450,"height":174},"offset":{"x":0,"y":0},"originalSize":{"width":450,"height":174},"rotated":false,"capInsets":[0,0,0,0],"vertices":{"rawPosition":[-225,-87,0,225,-87,0,-225,87,0,225,87,0],"indexes":[0,1,2,2,1,3],"uv":[0,174,450,174,0,0,450,0],"nuv":[0,0,1,0,0,1,1,1],"minPos":{"x":-225,"y":-87,"z":0},"maxPos":{"x":225,"y":87,"z":0}},"packable":true,"pixelsToUnit":100,"pivot":{"x":0.5,"y":0.5},"meshType":0}],[0],0,[0],[0],[0]]
