[1,["0bgj8AQMlKb5AoAUV+COlT@6c48a"],["_textureSource"],["cc.SpriteFrame"],0,[{"name":"云前","rect":{"x":0,"y":0,"width":720,"height":453},"offset":{"x":0,"y":0},"originalSize":{"width":720,"height":453},"rotated":false,"capInsets":[0,0,0,0],"vertices":{"rawPosition":[-360,-226.5,0,360,-226.5,0,-360,226.5,0,360,226.5,0],"indexes":[0,1,2,2,1,3],"uv":[0,453,720,453,0,0,720,0],"nuv":[0,0,1,0,0,1,1,1],"minPos":{"x":-360,"y":-226.5,"z":0},"maxPos":{"x":360,"y":226.5,"z":0}},"packable":true,"pixelsToUnit":100,"pivot":{"x":0.5,"y":0.5},"meshType":0}],[0],0,[0],[0],[0]]
