[1,["20g1ukYUVPvKWKBRznAKo+@f9941","40S82KEi9BM4VmT8y2FdIG@f9941","45vcSl341FDZ4sqJ4k/m8g@f9941","d5VoCFLSFEHLZsVQfrqKcf@f9941","94ZGhVG+BEEL91FSMhGB/r@f9941","08X2yazbBMnZj9oFp//8JI@f9941","2ejho4XUFPT5VwYWryXYq3@f9941","23EO+v5I5AapMgMb/kj3cQ@f9941","47X7QRn7dKJZvUMz9RNY/c@f9941","d3BS4j1jpPDrSwwOxnp7x6@f9941","215lddrLtIcaxbApoI1HiV","6dwonO+ZlEwZuO5+Fffrhn@f9941","20g1ukYUVPvKWKBRznAKo+@6c48a","54TknWPwVPqJqeCR+Y/Czo@6c48a","95EkngnxZFbYuFpsqVTaFr@6c48a","1c4foqRFNJLZG6wPooCdrS@f9941","1avql3tAJCVZTnfvLKtgsw@f9941","c46hMoNftGAr0XIZ9hkCA8@f9941","c81JL4ZORMdrzEJWwk1HVQ@f9941","8c6WvJQGNJ7aN+ERcan9h0@f9941","67Ml+0vXtDgZVrAIeC965H@f9941","2c1cwiIo9Ob5UmE5KvLqB4@f9941","22zGhmXjFLX708odFSYb5b@f9941","8dkz2DBt9MI6aPE5XP57kW@f9941","653xrnxNRDg7J4aWJYmSnq@f9941","34dcktN7ZPtaz2otoy7fO/@f9941","9e3PEu6p1NLZhX2sK0YOCG@f9941","acqhW8ifZGCJSwB1Hwal9m@f9941","05ejEkLaBP/JhfOtXEPh1Z@f9941","54TknWPwVPqJqeCR+Y/Czo@f9941","95EkngnxZFbYuFpsqVTaFr@f9941","54UsRkNR5I2KJ+7VBsDYu6@f9941","14Iu5MOllGUJWc+vi3eFx7@f9941","01orHXz/BGB6Vcj1AzTPXX@f9941","4cCHPePvpJTbqkTtySlaRs@f9941","23kcdlQstE9YXcoy2SnuiT@f9941","37p4zhrlZHW7Fp/y7dzNXj@f9941","30KswhElhNfJr0mkr5BtM4@f9941","e7/Wvd/IlKsId6G9SpLE/3@f9941","99nGBGXbpB+omNNV7aj3Gi@f9941","34UUrlLsNOBb5zwuCSteVo@f9941","c5o+NdT4xBy5Wl6FS20sHg@f9941","c6O8V9IxlBx4qv10Nudcs3@f9941","8db2QgSb9IAY68IC0FUCoe@f9941","f0STiAQ2NGi7e0B2ZufqEf@f9941","d8ZBY62wNN761Svl6Wy4LK@f9941","36t+i/sa9LZYqUbW2wEiYS@f9941","beZJbo2AhEkannd4l5L6Qw@f9941","35kcz5GKRDlJ3y8w2KYKAu@f9941","b7qiluyr5E2JScsFg8KTX1@f9941","f1tDgt21VGz4vbDLg4Z/TF@f9941","a81WNEjtNGaKfHIRzufRAI@f9941","230lnFp95E2b3YS/QeenJd@f9941","d5RJCEI9ZAVaA/ovE7jhD4@f9941","1cjEYqA5ZF7ZTpP2URyujM@f9941","f40Yt576tIc49VSYNiqlT2@f9941","58pYY7vddAFb9ACaQ6iPJi@f9941"],["node","_spriteFrame","_parent","_normalSprite","_textureSource","_cameraComponent","benci","his0","end","control","select","begin","play","next","_target","root","scene","dt","guankanum","_hoverSprite","_pressedSprite","_disabledSprite","asset"],[["cc.Node",["_name","_layer","_active","_id","_objFlags","__editorExtras__","_components","_parent","_children","_lpos","_lscale","_prefab"],-3,9,1,2,5,5,4],["cc.Sprite",["_sizeMode","_type","node","_spriteFrame","_color"],1,1,6,5],["cc.Button",["_transition","node","clickEvents","_normalSprite","_normalColor","_target","_hoverSprite","_pressedSprite","_disabledSprite","_pressedColor"],2,1,9,6,5,1,6,6,6,5],"cc.SpriteFrame",["cc.Node",["_name","_layer","_components","_parent","_children","_lpos"],1,12,1,2,5],["cc.UITransform",["node","_contentSize","_anchorPoint"],3,1,5,5],["cc.Label",["_string","_actualFontSize","_fontSize","_lineHeight","_isBold","node","_color"],-2,1,5],["cc.PrefabInfo",["fileId","root","instance","asset","nestedPrefabInstanceRoots"],2,1,4,6,2],["cc.SceneAsset",["_name"],2],["cc.Node",["_name","_parent","_components","_lpos"],2,1,2,5],["cc.Canvas",["node","_cameraComponent"],3,1,1],["cc.Widget",["_alignFlags","_left","_right","_top","_bottom","node"],-2,1],["d315eJ2YwpI+Z+ShXvNy3KT",["node","next","play","begin","select","game","control","lev","end","his0","benci","guankanum"],3,1,1,1,1,1,1,1,1,1,1,1,6],["cc.ClickEvent",["_componentId","handler","target"],1,1],["cc.TargetInfo",["localID"],2],["cc.PrefabInstance",["fileId","propertyOverrides"],2,9],["CCPropertyOverrideInfo",["value","propertyPath","targetInfo"],1,1],["CCPropertyOverrideInfo",["propertyPath","targetInfo","value"],2,1,8],["CCPropertyOverrideInfo",["propertyPath","targetInfo","value"],2,4,8],["cc.Scene",["_name","_children","_prefab","_globals"],2,2,4,4],["cc.SceneGlobals",["ambient","shadows","_skybox","fog","octree"],3,4,4,4,4,4],["cc.AmbientInfo",["_skyColorHDR","_groundAlbedoHDR"],3,5,5],["cc.ShadowsInfo",["_shadowColor","_size"],3,5,5],["cc.SkyboxInfo",[],3],["cc.FogInfo",[],3],["cc.OctreeInfo",[],3],["cc.Camera",["_projection","_priority","_orthoHeight","_near","_far","_visibility","node","_color"],-3,1,5],["cc.ProgressBar",["_totalLength","_progress","node","_barSprite"],1,1,1],["f962bg/kQxLzKZInPlBPztq",["node","lev","stepnum","huazong","prog"],3,1,1,1,1,1],["01c74IeCUFJCqLX1ZnJwNTY",["node"],3,1]],[[5,0,1,1],[1,2,3,1],[0,0,1,7,6,3],[5,0,1],[0,0,1,7,6,9,3],[0,0,1,7,8,6,9,3],[6,0,1,2,3,5,6,5],[1,0,2,3,2],[0,0,1,7,8,6,3],[13,0,1,2,3],[0,0,2,1,7,8,6,4],[0,0,1,8,6,9,3],[17,0,1,2,2],[14,0,2],[0,0,1,7,6,9,10,3],[4,0,1,3,2,3],[2,0,1,2,3,2],[2,1,2,3,1],[18,0,1,2,2],[8,0,2],[0,0,1,3,8,6,9,4],[0,0,1,6,3],[0,0,1,8,6,3],[0,0,1,7,8,6,9,10,3],[0,0,2,1,7,6,9,4],[0,4,5,7,11,3],[4,0,1,4,2,3],[4,0,1,3,2,5,3],[9,0,1,2,3,2],[5,0,1,2,1],[10,0,1,1],[11,0,1,2,3,4,5,6],[1,1,0,2,3,3],[1,2,4,3,1],[1,1,0,2,3],[12,0,1,2,3,4,5,6,7,8,9,10,11,1],[2,0,1,2,4,5,3,6,7,8,2],[2,0,1,2,9,3,2],[6,0,1,2,3,4,5,6,6],[7,0,1,2,3,2],[7,0,4,2],[15,0,1,2],[16,0,1,2,3],[19,0,1,2,3,2],[20,0,1,2,3,4,1],[21,0,1,1],[22,0,1,1],[23,1],[24,1],[25,1],[26,0,1,2,3,4,5,6,7,7],[27,0,1,2,3,3],[28,0,1,2,3,4,1],[29,0,1]],[[[{"name":"default_btn_normal","rect":{"x":0,"y":0,"width":40,"height":40},"offset":{"x":0,"y":0},"originalSize":{"width":40,"height":40},"rotated":false,"capInsets":[12,12,12,12],"vertices":{"rawPosition":[-20,-20,0,20,-20,0,-20,20,0,20,20,0],"indexes":[0,1,2,2,1,3],"uv":[0,40,40,40,0,0,40,0],"nuv":[0,0,1,0,0,1,1,1],"minPos":{"x":-20,"y":-20,"z":0},"maxPos":{"x":20,"y":20,"z":0}},"packable":true,"pixelsToUnit":100,"pivot":{"x":0.5,"y":0.5},"meshType":0}],[3],0,[0],[4],[12]],[[{"name":"default_btn_pressed","rect":{"x":0,"y":0,"width":40,"height":40},"offset":{"x":0,"y":0},"originalSize":{"width":40,"height":40},"rotated":false,"capInsets":[12,12,12,12],"vertices":{"rawPosition":[-20,-20,0,20,-20,0,-20,20,0,20,20,0],"indexes":[0,1,2,2,1,3],"uv":[0,40,40,40,0,0,40,0],"nuv":[0,0,1,0,0,1,1,1],"minPos":{"x":-20,"y":-20,"z":0},"maxPos":{"x":20,"y":20,"z":0}},"packable":true,"pixelsToUnit":100,"pivot":{"x":0.5,"y":0.5},"meshType":0}],[3],0,[0],[4],[13]],[[{"name":"default_btn_disabled","rect":{"x":0,"y":0,"width":40,"height":40},"offset":{"x":0,"y":0},"originalSize":{"width":40,"height":40},"rotated":false,"capInsets":[12,12,12,12],"vertices":{"rawPosition":[-20,-20,0,20,-20,0,-20,20,0,20,20,0],"indexes":[0,1,2,2,1,3],"uv":[0,40,40,40,0,0,40,0],"nuv":[0,0,1,0,0,1,1,1],"minPos":{"x":-20,"y":-20,"z":0},"maxPos":{"x":20,"y":20,"z":0}},"packable":true,"pixelsToUnit":100,"pivot":{"x":0.5,"y":0.5},"meshType":0}],[3],0,[0],[4],[14]],[[[19,"game"],[20,"Canvas",33554432,"beI88Z2HpFELqR4T5EMHpg",[-5,-6,-7,-8,-9,-10,-11,-12,-13],[[0,-1,[5,720,1600]],[30,-3,-2],[31,45,-5.684341886080802e-14,-5.684341886080802e-14,-5.684341886080802e-14,-5.684341886080802e-14,-4]],[1,359.99999999999994,800,0]],[10,"game",false,33554432,1,[-16,-17,-18,-19,-20,-21,-22,-23],[[0,-14,[5,720,1599]],[1,-15,73]]],[11,"lev",33554432,[-25,-26,-27,-28,-29,-30,-31,-32],[[3,-24]],[1,-3,0,0]],[10,"level1",false,33554432,1,[-34,-35,-36,-37,-38,-39,-40,-41],[[3,-33]]],[2,"manager",33554432,1,[[3,-42],[35,-51,-50,-49,-48,-47,2,-46,3,-45,-44,-43,16]]],[10,"end",false,33554432,1,[-53,-54,-55,-56],[[3,-52]]],[8,"kuang",33554432,6,[-59,-60,-61,-62],[[0,-57,[5,668,534]],[1,-58,11]]],[8,"begin",33554432,1,[-64,-65,-66,-67],[[3,-63]]],[10,"select",false,33554432,1,[-69,-70,-71,-72],[[3,-68]]],[21,"play",33554432,[[0,-73,[5,450,174]],[32,1,0,-74,22],[36,3,-76,[[9,"d315eJ2YwpI+Z+ShXvNy3KT","begingame",5]],[4,4292269782],-75,23,24,25,26]]],[5,"guanka",33554432,2,[-79,-80,-81],[[0,-77,[5,339,93]],[1,-78,38]],[1,0,713.91,0]],[11,"muban",33554432,[-85,-86],[[0,-82,[5,248,142]],[1,-83,65],[37,1,-84,[[9,"d315eJ2YwpI+Z+ShXvNy3KT","ingameRetry",5]],[4,4288103596],66]],[1,-22.438,-4.938,0]],[22,"hua",33554432,[-88,-89,-90],[[3,-87]]],[4,"next",33554432,6,[[0,-91,[5,202,209]],[1,-92,14],[16,3,-93,[[9,"d315eJ2YwpI+Z+ShXvNy3KT","NextClick",5]],15]],[1,165,-155,0]],[5,"hua",33554432,7,[-95,-96,-97],[[3,-94]],[1,0,529.305,0]],[5,"guan",33554432,7,[-99,-100,-101],[[3,-98]],[1,0,172.634,0]],[11,"histroy",33554432,[-103,-104],[[3,-102]],[1,0,25.17,0]],[11,"benci",33554432,[-106,-107],[[3,-105]],[1,0,-50.594,0]],[13,["96u3Lz0HlNXZZOb9dAK7h4"]],[5,"stepnum",33554432,2,[-109,-110,-111],[[3,-108]],[1,212.078,468.804,0]],[23,"muban",33554432,20,[-114,-115],[[0,-112,[5,248,142]],[1,-113,42]],[1,18.413,0,0],[1,-1,1,1]],[5,"regame",33554432,2,[-117,-118,12],[[3,-116]],[1,-202.359,487.94000000000005,0]],[26,"process",33554432,[-122],[[[0,-119,[5,434,53]],[7,0,-120,67],-121],4,4,1]],[5,"guang",33554432,7,[-125],[[0,-123,[5,720,564]],[1,-124,2]],[1,0,290.39,0]],[5,"best",33554432,7,[17,18],[[3,-126]],[1,0,60.423,0]],[4,"regame",33554432,6,[[0,-127,[5,202,209]],[1,-128,12],[16,3,-129,[[9,"d315eJ2YwpI+Z+ShXvNy3KT","regameClick",5]],13]],[1,-165,-155,0]],[5,"playz",33554432,8,[-131,10],[[3,-130]],[1,0,-290.648,0]],[5,"logoz",33554432,8,[-133,-134],[[3,-132]],[1,0,367.372,0]],[8,"dikuang",33554432,9,[-137],[[0,-135,[5,711,1317]],[1,-136,30]]],[4,"back",33554432,9,[[0,-138,[5,82,82]],[1,-139,31],[17,-140,[[9,"d315eJ2YwpI+Z+ShXvNy3KT","backToBegin",5]],32]],[1,-300,720,0]],[8,"shan",33554432,2,[-142,-143],[[3,-141]]],[14,"num",33554432,21,[[0,-144,[5,44.49,63]],[38,"0",80,80,50,true,-145,[4,4280814921]]],[1,-9.718,21.522,0],[1,-1,1,1]],[5,"kuang",33554432,2,[3],[[0,-146,[5,720,876]],[1,-147,59]],[1,0,-229.748,0]],[5,"1",33554432,3,[-150],[[0,-148,[5,227,226]],[1,-149,44]],[1,-226,226,0]],[5,"2",33554432,3,[-153],[[0,-151,[5,227,226]],[1,-152,46]],[1,0,226,0]],[5,"3",33554432,3,[-156],[[0,-154,[5,227,226]],[1,-155,48]],[1,226,226,0]],[5,"4",33554432,3,[-159],[[0,-157,[5,227,226]],[1,-158,50]],[1,-226,0,0]],[8,"5",33554432,3,[-162],[[0,-160,[5,227,226]],[1,-161,52]]],[5,"6",33554432,3,[-165],[[0,-163,[5,227,226]],[1,-164,54]],[1,226,0,0]],[5,"7",33554432,3,[-168],[[0,-166,[5,227,226]],[1,-167,56]],[1,-226,-226,0]],[5,"8",33554432,3,[-171],[[0,-169,[5,227,226]],[1,-170,58]],[1,0,-226,0]],[5,"bushutiao",33554432,2,[23,13],[[3,-172]],[1,0,301.638,0]],[4,"back",33554432,2,[[0,-173,[5,82,82]],[1,-174,71],[17,-175,[[9,"d315eJ2YwpI+Z+ShXvNy3KT","gameBack",5]],72]],[1,-300,720,0]],[5,"1",33554432,4,[-178],[[3,-176],[7,0,-177,74]],[1,-110,110,0]],[5,"2",33554432,4,[-181],[[3,-179],[7,0,-180,75]],[1,0,110,0]],[5,"3",33554432,4,[-184],[[3,-182],[7,0,-183,76]],[1,110,110,0]],[5,"4",33554432,4,[-187],[[3,-185],[7,0,-186,77]],[1,-110,0,0]],[8,"5",33554432,4,[-190],[[3,-188],[7,0,-189,78]]],[5,"6",33554432,4,[-193],[[3,-191],[7,0,-192,79]],[1,110,0,0]],[5,"7",33554432,4,[-196],[[3,-194],[7,0,-195,80]],[1,-110,-110,0]],[5,"8",33554432,4,[-199],[[3,-197],[7,0,-198,81]],[1,0,-110,0]],[2,"bg",33554432,6,[[0,-200,[5,720,1599]],[33,-201,[4,2902458367],0]]],[2,"shanzi",33554432,24,[[0,-202,[5,669,430]],[1,-203,1]]],[4,"3",33554432,15,[[0,-204,[5,199,203]],[1,-205,3]],[1,212.689,-75,0]],[2,"2",33554432,15,[[0,-206,[5,266,258]],[1,-207,4]]],[4,"1",33554432,15,[[0,-208,[5,199,203]],[1,-209,5]],[1,-215.106,-75,0]],[4,"di",33554432,16,[[0,-210,[5,54,40]],[1,-211,6]],[1,-76.598,0,0]],[2,"num",33554432,16,[[0,-212,[5,48,11]],[1,-213,7]]],[4,"guan",33554432,16,[[0,-214,[5,53,39]],[1,-215,8]],[1,75,0,0]],[4,"tu",33554432,17,[[0,-216,[5,241,40]],[1,-217,9]],[1,-80,0,0]],[4,"num",33554432,17,[[0,-218,[5,33.37,75.6]],[6,"3",60,60,60,-219,[4,2886865561]]],[1,120,0,0]],[4,"tu",33554432,18,[[0,-220,[5,240,40]],[1,-221,10]],[1,-80,0,0]],[4,"num",33554432,18,[[0,-222,[5,33.37,75.6]],[6,"3",60,60,60,-223,[4,2886865561]]],[1,120,0,0]],[2,"bg",33554432,8,[[0,-224,[5,720,1599]],[1,-225,17]]],[2,"logo",33554432,28,[[0,-226,[5,614,607]],[1,-227,18]]],[2,"szhrd",33554432,28,[[0,-228,[5,219,446]],[1,-229,19]]],[24,"jiazai",false,33554432,8,[[0,-230,[5,498,61]],[1,-231,20]],[1,0,-280.362,0]],[2,"sanjiao",33554432,27,[[0,-232,[5,628,72]],[1,-233,21]]],[2,"bg",33554432,9,[[0,-234,[5,720,1599]],[1,-235,27]]],[4,"selectguanka",33554432,9,[[0,-236,[5,355,97]],[1,-237,28]],[1,0,720,0]],[25,0,{},29,[39,"96u3Lz0HlNXZZOb9dAK7h4",-238,[41,"67xS50uwNGsb1X85m43Vyv",[[42,"guankanum",["_name"],19],[12,["_lpos"],19,[1,-154.456,300,0]],[12,["_lscale"],19,[1,1,1,1]],[12,["_lrot"],19,[3,0,0,0,1]],[12,["_euler"],19,[1,0,0,0]],[18,["_color"],[13,["85q5q++6pH9pE9hE+Jszsn"]],[4,4294967295]],[18,["_color"],[13,["23GuA3BZxFGr0QkdrO9CXS"]],[4,4294967295]]]],29]],[4,"shan1",33554432,31,[[0,-239,[5,287,422]],[1,-240,33]],[1,216.5,252.955,0]],[4,"shan2",33554432,31,[[0,-241,[5,271,291]],[1,-242,34]],[1,-224.5,288.942,0]],[4,"guan1",33554432,11,[[0,-243,[5,54,40]],[1,-244,35]],[1,-65,0,0]],[2,"guan2",33554432,11,[[0,-245,[5,48,11]],[1,-246,36]]],[4,"guan3",33554432,11,[[0,-247,[5,53,39]],[1,-248,37]],[1,65,0,0]],[4,"shen1",33554432,20,[[0,-249,[5,7,100]],[1,-250,39]],[1,-85.781,69.745,0]],[4,"shen2",33554432,20,[[0,-251,[5,10,98]],[1,-252,40]],[1,108.02,94.751,0]],[14,"zi",33554432,21,[[0,-253,[5,90,37]],[1,-254,41]],[1,-20.822,-34.427,0],[1,-1,1,1]],[2,"num",33554432,34,[[0,-255,[5,63,145]],[1,-256,43]]],[2,"num",33554432,35,[[0,-257,[5,123,145]],[1,-258,45]]],[2,"num",33554432,36,[[0,-259,[5,114,144]],[1,-260,47]]],[2,"num",33554432,37,[[0,-261,[5,121,147]],[1,-262,49]]],[2,"num",33554432,38,[[0,-263,[5,109,146]],[1,-264,51]]],[2,"num",33554432,39,[[0,-265,[5,112,144]],[1,-266,53]]],[2,"num",33554432,40,[[0,-267,[5,119,145]],[1,-268,55]]],[2,"num",33554432,41,[[0,-269,[5,113,146]],[1,-270,57]]],[4,"yun",33554432,2,[[0,-271,[5,720,524]],[1,-272,60]],[1,0,-580,0]],[4,"shen1",33554432,22,[[0,-273,[5,8,98]],[1,-274,61]],[1,-116.895,91.946,0]],[4,"shen2",33554432,22,[[0,-275,[5,4,99]],[1,-276,62]],[1,75.573,83.603,0]],[4,"tu",33554432,12,[[0,-277,[5,76,78]],[1,-278,63]],[1,-9.836,13.935,0]],[4,"zi",33554432,12,[[0,-279,[5,130,25]],[1,-280,64]],[1,-18.033,-40.986,0]],[27,"bar",33554432,23,[[[29,-281,[5,422,43],[0,0,0.5]],-282],4,1],[1,-211,0,0]],[4,"hua1",33554432,13,[[0,-283,[5,73,70]],[1,-284,68]],[1,-120,0,0]],[2,"hua2",33554432,13,[[0,-285,[5,73,70]],[1,-286,69]]],[4,"hua3",33554432,13,[[0,-287,[5,73,70]],[1,-288,70]],[1,120,0,0]],[15,"controller",33554432,1,[[[3,-289],-290],4,1]],[15,"data",33554432,1,[[[3,-291],-292],4,1]],[2,"1",33554432,44,[[0,-293,[5,33.37,63]],[6,"1",60,60,50,-294,[4,4278190080]]]],[2,"1",33554432,45,[[0,-295,[5,33.37,63]],[6,"2",60,60,50,-296,[4,4278190080]]]],[2,"1",33554432,46,[[0,-297,[5,33.37,63]],[6,"3",60,60,50,-298,[4,4278190080]]]],[2,"1",33554432,47,[[0,-299,[5,33.37,63]],[6,"4",60,60,50,-300,[4,4278190080]]]],[2,"1",33554432,48,[[0,-301,[5,33.37,63]],[6,"5",60,60,50,-302,[4,4278190080]]]],[2,"1",33554432,49,[[0,-303,[5,33.37,63]],[6,"6",60,60,50,-304,[4,4278190080]]]],[2,"1",33554432,50,[[0,-305,[5,33.37,63]],[6,"7",60,60,50,-306,[4,4278190080]]]],[2,"1",33554432,51,[[0,-307,[5,33.37,63]],[6,"8",60,60,50,-308,[4,4278190080]]]],[43,"game",[1],[40,"d6ac6308-41af-41c9-ac16-67967ca25954",[71]],[44,[45,[2,0,0,0,0.520833125],[2,0,0,0,0]],[46,[4,4283190348],[0,512,512]],[47],[48],[49]]],[28,"Camera",1,[-309],[1,0,0,1000]],[50,0,1073741824,800,0,2000,41943040,108,[4,4278190080]],[34,1,0,93],[51,422,1,23,110],[52,97,3,32,13,111],[53,98]],0,[0,0,1,0,5,109,0,0,1,0,0,1,0,-1,108,0,-2,5,0,-3,97,0,-4,8,0,-5,9,0,-6,2,0,-7,6,0,-8,98,0,-9,4,0,0,2,0,0,2,0,-1,31,0,-2,11,0,-3,20,0,-4,33,0,-5,88,0,-6,22,0,-7,42,0,-8,43,0,0,3,0,-1,34,0,-2,35,0,-3,36,0,-4,37,0,-5,38,0,-6,39,0,-7,40,0,-8,41,0,0,4,0,-1,44,0,-2,45,0,-3,46,0,-4,47,0,-5,48,0,-6,49,0,-7,50,0,-8,51,0,0,5,0,6,18,0,7,17,0,8,6,0,9,112,0,10,9,0,11,8,0,12,10,0,13,14,0,0,5,0,0,6,0,-1,52,0,-2,7,0,-3,14,0,-4,26,0,0,7,0,0,7,0,-1,24,0,-2,15,0,-3,16,0,-4,25,0,0,8,0,-1,64,0,-2,28,0,-3,67,0,-4,27,0,0,9,0,-1,69,0,-2,70,0,-3,29,0,-4,30,0,0,10,0,0,10,0,14,10,0,0,10,0,0,11,0,0,11,0,-1,74,0,-2,75,0,-3,76,0,0,12,0,0,12,0,0,12,0,-1,91,0,-2,92,0,0,13,0,-1,94,0,-2,95,0,-3,96,0,0,14,0,0,14,0,0,14,0,0,15,0,-1,54,0,-2,55,0,-3,56,0,0,16,0,-1,57,0,-2,58,0,-3,59,0,0,17,0,-1,60,0,-2,61,0,0,18,0,-1,62,0,-2,63,0,0,20,0,-1,77,0,-2,78,0,-3,21,0,0,21,0,0,21,0,-1,32,0,-2,79,0,0,22,0,-1,89,0,-2,90,0,0,23,0,0,23,0,-3,111,0,-1,93,0,0,24,0,0,24,0,-1,53,0,0,25,0,0,26,0,0,26,0,0,26,0,0,27,0,-1,68,0,0,28,0,-1,65,0,-2,66,0,0,29,0,0,29,0,-1,71,0,0,30,0,0,30,0,0,30,0,0,31,0,-1,72,0,-2,73,0,0,32,0,0,32,0,0,33,0,0,33,0,0,34,0,0,34,0,-1,80,0,0,35,0,0,35,0,-1,81,0,0,36,0,0,36,0,-1,82,0,0,37,0,0,37,0,-1,83,0,0,38,0,0,38,0,-1,84,0,0,39,0,0,39,0,-1,85,0,0,40,0,0,40,0,-1,86,0,0,41,0,0,41,0,-1,87,0,0,42,0,0,43,0,0,43,0,0,43,0,0,44,0,0,44,0,-1,99,0,0,45,0,0,45,0,-1,100,0,0,46,0,0,46,0,-1,101,0,0,47,0,0,47,0,-1,102,0,0,48,0,0,48,0,-1,103,0,0,49,0,0,49,0,-1,104,0,0,50,0,0,50,0,-1,105,0,0,51,0,0,51,0,-1,106,0,0,52,0,0,52,0,0,53,0,0,53,0,0,54,0,0,54,0,0,55,0,0,55,0,0,56,0,0,56,0,0,57,0,0,57,0,0,58,0,0,58,0,0,59,0,0,59,0,0,60,0,0,60,0,0,61,0,0,61,0,0,62,0,0,62,0,0,63,0,0,63,0,0,64,0,0,64,0,0,65,0,0,65,0,0,66,0,0,66,0,0,67,0,0,67,0,0,68,0,0,68,0,0,69,0,0,69,0,0,70,0,0,70,0,15,71,0,0,72,0,0,72,0,0,73,0,0,73,0,0,74,0,0,74,0,0,75,0,0,75,0,0,76,0,0,76,0,0,77,0,0,77,0,0,78,0,0,78,0,0,79,0,0,79,0,0,80,0,0,80,0,0,81,0,0,81,0,0,82,0,0,82,0,0,83,0,0,83,0,0,84,0,0,84,0,0,85,0,0,85,0,0,86,0,0,86,0,0,87,0,0,87,0,0,88,0,0,88,0,0,89,0,0,89,0,0,90,0,0,90,0,0,91,0,0,91,0,0,92,0,0,92,0,0,93,0,-2,110,0,0,94,0,0,94,0,0,95,0,0,95,0,0,96,0,0,96,0,0,97,0,-2,112,0,0,98,0,-2,113,0,0,99,0,0,99,0,0,100,0,0,100,0,0,101,0,0,101,0,0,102,0,0,102,0,0,103,0,0,103,0,0,104,0,0,104,0,0,105,0,0,105,0,0,106,0,0,106,0,-1,109,0,16,107,1,2,107,3,2,33,10,2,27,12,2,22,13,2,42,17,2,25,18,2,25,23,2,42,112,17,113,309],[0,0,0,0,0,0,0,0,0,0,0,0,0,0,0,0,0,0,0,0,0,0,0,0,0,0,0,0,0,0,0,0,0,0,0,0,0,0,0,0,0,0,0,0,0,0,0,0,0,0,0,0,0,0,0,0,0,0,0,0,0,0,0,0,0,0,0,0,0,0,0,0,0,0,0,0,0,0,0,0,0,0,110],[1,1,1,1,1,1,1,1,1,1,1,1,1,3,1,3,18,1,1,1,1,1,1,3,19,20,21,1,1,22,1,1,3,1,1,1,1,1,1,1,1,1,1,1,1,1,1,1,1,1,1,1,1,1,1,1,1,1,1,1,1,1,1,1,1,1,3,1,1,1,1,1,3,1,1,1,1,1,1,1,1,1,1],[15,16,17,18,19,20,5,6,7,21,22,23,8,8,9,9,10,24,25,26,27,28,11,11,0,29,30,31,32,10,33,2,2,34,35,5,6,7,36,37,38,39,3,40,1,41,1,42,1,43,1,44,1,45,1,46,1,47,1,48,49,50,51,52,53,3,3,54,4,4,4,2,2,55,0,0,0,0,0,0,0,0,56]]]]
