[1,["c6O8V9IxlBx4qv10Nudcs3@6c48a"],["_textureSource"],["cc.SpriteFrame"],0,[{"name":"3","rect":{"x":0,"y":0,"width":114,"height":144},"offset":{"x":0,"y":0},"originalSize":{"width":114,"height":144},"rotated":false,"capInsets":[0,0,0,0],"vertices":{"rawPosition":[-57,-72,0,57,-72,0,-57,72,0,57,72,0],"indexes":[0,1,2,2,1,3],"uv":[0,144,114,144,0,0,114,0],"nuv":[0,0,1,0,0,1,1,1],"minPos":{"x":-57,"y":-72,"z":0},"maxPos":{"x":57,"y":72,"z":0}},"packable":true,"pixelsToUnit":100,"pivot":{"x":0.5,"y":0.5},"meshType":0}],[0],0,[0],[0],[0]]
