[1,["4cCHPePvpJTbqkTtySlaRs@6c48a"],["_textureSource"],["cc.SpriteFrame"],0,[{"name":"山左","rect":{"x":0,"y":0,"width":287,"height":422},"offset":{"x":0,"y":1},"originalSize":{"width":287,"height":424},"rotated":false,"capInsets":[0,0,0,0],"vertices":{"rawPosition":[-143.5,-211,0,143.5,-211,0,-143.5,211,0,143.5,211,0],"indexes":[0,1,2,2,1,3],"uv":[0,424,287,424,0,2,287,2],"nuv":[0,0.0047169811320754715,1,0.0047169811320754715,0,1,1,1],"minPos":{"x":-143.5,"y":-211,"z":0},"maxPos":{"x":143.5,"y":211,"z":0}},"packable":true,"pixelsToUnit":100,"pivot":{"x":0.5,"y":0.5},"meshType":0}],[0],0,[0],[0],[0]]
